0	compressed
1	raw
2	raw
3	raw
4	raw
5	raw
6	raw
7	raw
8	raw
9	raw
10	raw
11	raw
12	raw
13	raw
14	raw
15	raw
16	raw
17	raw
18	raw
19	raw
20	raw
21	raw
22	raw
23	raw
24	raw
25	raw
26	raw
27	raw
28	raw
29	raw
30	raw
31	raw
32	raw
33	raw
34	raw
35	raw
36	raw
37	raw
38	raw
39	raw
40	raw
41	raw
42	raw
43	raw
44	raw
45	raw
46	raw
47	raw
48	raw
49	raw
50	raw
51	raw
52	raw
53	raw
54	raw
55	raw
56	raw
57	raw
58	raw
59	raw
60	raw
61	raw
62	raw
63	raw
64	raw
65	raw
66	raw
67	raw
68	raw
69	raw
70	raw
71	raw
72	raw
73	raw
74	raw
75	raw
76	raw
77	raw
78	raw
79	raw
80	raw
81	raw
82	raw
83	raw
84	raw
85	raw
86	raw
87	raw
88	raw
89	raw
90	raw
91	raw
92	raw
93	raw
94	raw
95	raw
96	raw
97	raw
98	raw
99	raw
100	raw
101	raw
102	raw
103	raw
104	raw
105	raw
106	raw
107	raw
108	raw
109	raw
110	raw
111	raw
112	raw
113	raw
114	raw
115	raw
116	raw
117	raw
118	raw
119	raw
120	raw
121	raw
122	raw
123	raw
124	raw
125	raw
126	raw
127	raw
128	raw
129	raw
130	raw
131	raw
132	raw
133	raw
134	raw
135	raw
136	raw
137	raw
138	raw
139	raw
140	raw
141	raw
142	raw
143	raw
144	raw
145	raw
146	raw
147	raw
148	raw
149	raw
150	raw
151	raw
152	raw
153	raw
154	raw
155	raw
156	raw
157	raw
158	raw
159	raw
160	raw
161	raw
162	raw
163	raw
164	raw
165	raw
166	raw
167	raw
168	raw
169	raw
170	raw
171	raw
172	raw
173	raw
174	raw
175	raw
176	raw
177	raw
178	raw
179	raw
180	raw
181	raw
182	raw
183	raw
184	raw
185	raw
186	raw
187	raw
188	raw
189	raw
190	raw
191	raw
192	raw
193	raw
194	raw
195	raw
196	raw
197	raw
198	raw
199	raw
200	raw
201	raw
202	raw
203	raw
204	raw
205	raw
206	raw
207	raw
208	raw
209	raw
210	raw
211	raw
212	raw
213	compressed
214	dummy
215	compressed
216	raw
217	compressed
218	raw
219	compressed
220	raw
221	compressed
222	raw
223	compressed
224	raw
225	compressed
226	raw
227	compressed
228	raw
229	compressed
230	raw
231	compressed
232	raw
233	compressed
234	raw
235	compressed
236	raw
237	compressed
238	raw
239	compressed
240	raw
241	compressed
242	raw
243	compressed
244	raw
245	compressed
246	raw
247	compressed
248	raw
249	compressed
250	raw
251	compressed
252	raw
253	compressed
254	raw
255	compressed
256	raw
257	compressed
258	raw
259	compressed
260	raw
261	compressed
262	raw
263	compressed
264	raw
265	compressed
266	raw
267	compressed
268	raw
269	compressed
270	raw
271	compressed
272	raw
273	compressed
274	raw
275	compressed
276	raw
277	compressed
278	raw
279	dummy
280	dummy
281	compressed
282	raw
283	compressed
284	raw
285	compressed
286	raw
287	compressed
288	raw
289	compressed
290	raw
291	compressed
292	raw
293	compressed
294	raw
295	compressed
296	raw
297	compressed
298	raw
299	compressed
300	raw
301	compressed
302	raw
303	compressed
304	raw
305	compressed
306	raw
307	compressed
308	raw
309	compressed
310	raw
311	compressed
312	raw
313	compressed
314	raw
315	compressed
316	raw
317	dummy
318	dummy
319	compressed
320	raw
321	compressed
322	raw
323	compressed
324	raw
325	compressed
326	raw
327	compressed
328	raw
329	compressed
330	raw
331	compressed
332	raw
333	compressed
334	raw
335	compressed
336	raw
337	compressed
338	raw
339	compressed
340	raw
341	compressed
342	raw
343	compressed
344	raw
345	compressed
346	raw
347	compressed
348	raw
349	compressed
350	raw
351	compressed
352	raw
353	compressed
354	raw
355	compressed
356	raw
357	compressed
358	raw
359	compressed
360	raw
361	compressed
362	raw
363	compressed
364	raw
365	compressed
366	raw
367	compressed
368	raw
369	compressed
370	raw
371	compressed
372	raw
373	compressed
374	raw
375	compressed
376	raw
377	compressed
378	raw
379	compressed
380	raw
381	compressed
382	raw
383	compressed
384	raw
385	compressed
386	raw
387	compressed
388	raw
389	compressed
390	raw
391	compressed
392	raw
393	compressed
394	raw
395	compressed
396	raw
397	compressed
398	raw
399	compressed
400	raw
401	compressed
402	raw
403	compressed
404	raw
405	compressed
406	raw
407	compressed
408	raw
409	compressed
410	raw
411	compressed
412	raw
413	compressed
414	raw
415	compressed
416	raw
417	compressed
418	raw
419	compressed
420	raw
421	compressed
422	raw
423	compressed
424	raw
425	compressed
426	raw
427	compressed
428	raw
429	compressed
430	raw
431	compressed
432	raw
433	compressed
434	raw
435	compressed
436	raw
437	compressed
438	raw
439	compressed
440	raw
441	compressed
442	raw
443	compressed
444	raw
445	compressed
446	raw
447	compressed
448	raw
449	compressed
450	raw
451	compressed
452	raw
453	compressed
454	raw
455	compressed
456	raw
457	compressed
458	raw
459	compressed
460	raw
461	compressed
462	raw
463	compressed
464	raw
465	compressed
466	raw
467	compressed
468	raw
469	compressed
470	raw
471	compressed
472	raw
473	compressed
474	raw
475	compressed
476	raw
477	compressed
478	raw
479	compressed
480	raw
481	dummy
482	dummy
483	compressed
484	raw
485	compressed
486	raw
487	compressed
488	raw
489	compressed
490	raw
491	compressed
492	raw
493	compressed
494	raw
495	compressed
496	raw
497	compressed
498	raw
499	compressed
500	raw
501	compressed
502	raw
503	compressed
504	raw
505	compressed
506	raw
507	compressed
508	raw
509	compressed
510	raw
511	compressed
512	raw
513	compressed
514	raw
515	compressed
516	raw
517	compressed
518	raw
519	compressed
520	raw
521	compressed
522	raw
523	compressed
524	raw
525	compressed
526	raw
527	compressed
528	raw
529	compressed
530	raw
531	compressed
532	raw
533	compressed
534	raw
535	compressed
536	raw
537	compressed
538	raw
539	compressed
540	raw
541	compressed
542	raw
543	compressed
544	raw
545	compressed
546	raw
547	compressed
548	raw
549	compressed
550	raw
551	dummy
552	dummy
553	compressed
554	raw
555	compressed
556	raw
557	compressed
558	raw
559	compressed
560	raw
561	compressed
562	raw
563	compressed
564	raw
565	compressed
566	raw
567	compressed
568	raw
569	compressed
570	raw
571	compressed
572	raw
573	compressed
574	raw
575	compressed
576	raw
577	compressed
578	raw
579	compressed
580	raw
581	compressed
582	raw
583	compressed
584	raw
585	compressed
586	raw
587	compressed
588	raw
589	compressed
590	raw
591	compressed
592	raw
593	compressed
594	raw
595	compressed
596	raw
597	compressed
598	raw
599	compressed
600	raw
601	compressed
602	raw
603	compressed
604	raw
605	compressed
606	raw
607	compressed
608	raw
609	compressed
610	raw
611	compressed
612	raw
613	compressed
614	raw
615	compressed
616	raw
617	compressed
618	raw
619	compressed
620	raw
621	compressed
622	raw
623	compressed
624	raw
625	compressed
626	raw
627	compressed
628	raw
629	compressed
630	raw
631	compressed
632	raw
633	compressed
634	raw
635	compressed
636	raw
637	compressed
638	raw
639	compressed
640	raw
641	compressed
642	raw
643	dummy
644	dummy
645	compressed
646	raw
647	compressed
648	raw
649	compressed
650	raw
651	compressed
652	raw
653	compressed
654	raw
655	compressed
656	raw
657	compressed
658	raw
659	compressed
660	raw
661	compressed
662	raw
663	compressed
664	raw
665	compressed
666	raw
667	compressed
668	raw
669	compressed
670	raw
671	compressed
672	raw
673	compressed
674	raw
675	compressed
676	raw
677	compressed
678	raw
679	compressed
680	raw
681	compressed
682	raw
683	compressed
684	raw
685	compressed
686	raw
687	compressed
688	raw
689	compressed
690	raw
691	compressed
692	raw
693	compressed
694	raw
695	compressed
696	raw
697	compressed
698	raw
699	compressed
700	raw
701	compressed
702	raw
703	compressed
704	raw
705	compressed
706	raw
707	compressed
708	raw
709	compressed
710	raw
711	compressed
712	raw
713	compressed
714	raw
715	compressed
716	raw
717	compressed
718	raw
719	compressed
720	raw
721	compressed
722	raw
723	compressed
724	raw
725	compressed
726	raw
727	compressed
728	raw
729	compressed
730	raw
731	compressed
732	raw
733	compressed
734	raw
735	compressed
736	raw
737	compressed
738	raw
739	compressed
740	raw
741	compressed
742	raw
743	compressed
744	raw
745	compressed
746	raw
747	compressed
748	raw
749	compressed
750	raw
751	compressed
752	raw
753	compressed
754	raw
755	compressed
756	raw
757	compressed
758	raw
759	compressed
760	raw
761	compressed
762	raw
763	compressed
764	raw
765	compressed
766	raw
767	compressed
768	raw
769	compressed
770	raw
771	compressed
772	raw
773	compressed
774	raw
775	compressed
776	raw
777	compressed
778	raw
779	compressed
780	raw
781	compressed
782	raw
783	compressed
784	raw
785	compressed
786	raw
787	compressed
788	raw
789	compressed
790	raw
791	compressed
792	raw
793	compressed
794	raw
795	compressed
796	raw
797	compressed
798	raw
799	compressed
800	raw
801	compressed
802	raw
803	compressed
804	raw
805	compressed
806	raw
807	compressed
808	raw
809	compressed
810	raw
811	compressed
812	raw
813	compressed
814	raw
815	compressed
816	raw
817	compressed
818	raw
819	compressed
820	raw
821	compressed
822	raw
823	compressed
824	raw
825	compressed
826	raw
827	compressed
828	raw
829	compressed
830	raw
831	compressed
832	raw
833	compressed
834	raw
835	compressed
836	raw
837	compressed
838	raw
839	compressed
840	raw
841	dummy
842	dummy
843	compressed
844	raw
845	compressed
846	raw
847	compressed
848	raw
849	compressed
850	raw
851	compressed
852	raw
853	compressed
854	raw
855	compressed
856	raw
857	compressed
858	raw
859	compressed
860	raw
861	compressed
862	raw
863	compressed
864	raw
865	compressed
866	raw
867	compressed
868	raw
869	compressed
870	raw
871	compressed
872	raw
873	compressed
874	raw
875	compressed
876	raw
877	compressed
878	raw
879	compressed
880	raw
881	compressed
882	raw
883	compressed
884	raw
885	compressed
886	raw
887	compressed
888	raw
889	compressed
890	raw
891	compressed
892	raw
893	compressed
894	raw
895	compressed
896	raw
897	compressed
898	raw
899	compressed
900	raw
901	compressed
902	raw
903	compressed
904	raw
905	compressed
906	raw
907	compressed
908	raw
909	compressed
910	raw
911	compressed
912	raw
913	compressed
914	raw
915	compressed
916	raw
917	compressed
918	raw
919	compressed
920	raw
921	compressed
922	raw
923	compressed
924	raw
925	compressed
926	raw
927	compressed
928	raw
929	compressed
930	raw
931	compressed
932	raw
933	compressed
934	raw
935	compressed
936	raw
937	compressed
938	raw
939	compressed
940	raw
941	compressed
942	raw
943	compressed
944	raw
945	compressed
946	raw
947	compressed
948	raw
949	compressed
950	raw
951	compressed
952	raw
953	compressed
954	raw
955	compressed
956	raw
957	compressed
958	raw
959	compressed
960	raw
961	compressed
962	raw
963	compressed
964	raw
965	compressed
966	raw
967	compressed
968	raw
969	compressed
970	raw
971	compressed
972	raw
973	compressed
974	raw
975	compressed
976	raw
977	compressed
978	raw
979	compressed
980	raw
981	compressed
982	raw
983	compressed
984	raw
985	compressed
986	raw
987	compressed
988	raw
989	compressed
990	raw
991	compressed
992	raw
993	compressed
994	raw
995	compressed
996	raw
997	compressed
998	raw
999	compressed
1000	raw
1001	compressed
1002	raw
1003	compressed
1004	raw
1005	compressed
1006	raw
1007	compressed
1008	raw
1009	compressed
1010	raw
1011	compressed
1012	raw
1013	compressed
1014	raw
1015	compressed
1016	raw
1017	compressed
1018	raw
1019	compressed
1020	raw
1021	compressed
1022	raw
1023	compressed
1024	raw
1025	compressed
1026	raw
1027	dummy
1028	dummy
1029	compressed
1030	raw
1031	compressed
1032	raw
1033	compressed
1034	raw
1035	compressed
1036	raw
1037	compressed
1038	raw
1039	compressed
1040	raw
1041	compressed
1042	raw
1043	compressed
1044	raw
1045	compressed
1046	raw
1047	compressed
1048	raw
1049	compressed
1050	raw
1051	compressed
1052	raw
1053	compressed
1054	raw
1055	compressed
1056	raw
1057	compressed
1058	raw
1059	compressed
1060	raw
1061	compressed
1062	raw
1063	compressed
1064	raw
1065	compressed
1066	raw
1067	compressed
1068	raw
1069	compressed
1070	raw
1071	compressed
1072	raw
1073	compressed
1074	raw
1075	compressed
1076	raw
1077	compressed
1078	raw
1079	dummy
1080	dummy
1081	compressed
1082	raw
1083	compressed
1084	raw
1085	compressed
1086	raw
1087	compressed
1088	raw
1089	compressed
1090	raw
1091	compressed
1092	raw
1093	compressed
1094	raw
1095	compressed
1096	raw
1097	compressed
1098	raw
1099	compressed
1100	raw
1101	compressed
1102	raw
1103	compressed
1104	raw
1105	compressed
1106	raw
1107	compressed
1108	raw
1109	compressed
1110	raw
1111	compressed
1112	raw
1113	compressed
1114	raw
1115	compressed
1116	raw
1117	compressed
1118	raw
1119	compressed
1120	raw
1121	compressed
1122	raw
1123	compressed
1124	raw
1125	compressed
1126	raw
1127	compressed
1128	raw
1129	compressed
1130	raw
1131	compressed
1132	raw
1133	compressed
1134	raw
1135	compressed
1136	raw
1137	compressed
1138	raw
1139	compressed
1140	raw
1141	compressed
1142	raw
1143	compressed
1144	raw
1145	compressed
1146	raw
1147	compressed
1148	raw
1149	compressed
1150	raw
1151	compressed
1152	raw
1153	compressed
1154	raw
1155	compressed
1156	raw
1157	compressed
1158	raw
1159	compressed
1160	raw
1161	compressed
1162	raw
1163	compressed
1164	raw
1165	compressed
1166	raw
1167	compressed
1168	raw
1169	compressed
1170	raw
1171	compressed
1172	raw
1173	compressed
1174	raw
1175	compressed
1176	raw
1177	compressed
1178	raw
1179	compressed
1180	raw
1181	compressed
1182	raw
1183	compressed
1184	raw
1185	compressed
1186	raw
1187	compressed
1188	raw
1189	compressed
1190	raw
1191	compressed
1192	raw
1193	compressed
1194	raw
1195	compressed
1196	raw
1197	compressed
1198	raw
1199	compressed
1200	raw
1201	compressed
1202	raw
1203	compressed
1204	raw
1205	compressed
1206	raw
1207	compressed
1208	raw
1209	compressed
1210	raw
1211	compressed
1212	raw
1213	compressed
1214	raw
1215	compressed
1216	raw
1217	compressed
1218	raw
1219	compressed
1220	raw
1221	compressed
1222	raw
1223	compressed
1224	raw
1225	compressed
1226	raw
1227	compressed
1228	raw
1229	compressed
1230	raw
1231	compressed
1232	raw
1233	compressed
1234	raw
1235	compressed
1236	raw
1237	compressed
1238	raw
1239	compressed
1240	raw
1241	compressed
1242	raw
1243	compressed
1244	raw
1245	compressed
1246	raw
1247	compressed
1248	raw
1249	compressed
1250	raw
1251	compressed
1252	raw
1253	compressed
1254	raw
1255	compressed
1256	raw
1257	compressed
1258	raw
1259	compressed
1260	raw
1261	compressed
1262	raw
1263	compressed
1264	raw
1265	compressed
1266	raw
1267	compressed
1268	raw
1269	compressed
1270	raw
1271	compressed
1272	raw
1273	compressed
1274	raw
1275	compressed
1276	raw
1277	compressed
1278	raw
1279	compressed
1280	raw
1281	compressed
1282	raw
1283	compressed
1284	raw
1285	dummy
1286	dummy
1287	compressed
1288	raw
1289	compressed
1290	raw
1291	compressed
1292	raw
1293	compressed
1294	raw
1295	compressed
1296	raw
1297	compressed
1298	raw
1299	compressed
1300	raw
1301	compressed
1302	raw
1303	compressed
1304	raw
1305	compressed
1306	raw
1307	compressed
1308	raw
1309	compressed
1310	raw
1311	compressed
1312	raw
1313	compressed
1314	raw
1315	compressed
1316	raw
1317	compressed
1318	raw
1319	compressed
1320	raw
1321	compressed
1322	raw
1323	compressed
1324	raw
1325	compressed
1326	raw
1327	compressed
1328	raw
1329	compressed
1330	raw
1331	compressed
1332	raw
1333	compressed
1334	raw
1335	compressed
1336	raw
1337	compressed
1338	raw
1339	compressed
1340	raw
1341	compressed
1342	raw
1343	compressed
1344	raw
1345	compressed
1346	raw
1347	compressed
1348	raw
1349	compressed
1350	raw
1351	compressed
1352	raw
1353	compressed
1354	raw
1355	compressed
1356	raw
1357	compressed
1358	raw
1359	compressed
1360	raw
1361	compressed
1362	raw
1363	compressed
1364	raw
1365	compressed
1366	raw
1367	compressed
1368	raw
1369	compressed
1370	raw
1371	compressed
1372	raw
1373	compressed
1374	raw
1375	compressed
1376	raw
1377	compressed
1378	raw
1379	compressed
1380	raw
1381	compressed
1382	raw
1383	compressed
1384	raw
1385	compressed
1386	raw
1387	compressed
1388	raw
1389	dummy
1390	dummy
1391	dummy
1392	dummy
1393	dummy
1394	dummy
1395	dummy
1396	dummy
1397	dummy
1398	dummy
1399	compressed
1400	raw
1401	compressed
1402	raw
1403	compressed
1404	raw
1405	compressed
1406	raw
1407	compressed
1408	raw
1409	compressed
1410	raw
1411	compressed
1412	raw
1413	compressed
1414	raw
1415	compressed
1416	raw
1417	compressed
1418	raw
1419	compressed
1420	raw
1421	compressed
1422	raw
1423	compressed
1424	raw
1425	compressed
1426	raw
1427	compressed
1428	raw
1429	compressed
1430	raw
1431	compressed
1432	raw
1433	compressed
1434	raw
1435	compressed
1436	raw
1437	compressed
1438	raw
1439	compressed
1440	raw
1441	compressed
1442	raw
1443	compressed
1444	raw
1445	compressed
1446	raw
1447	compressed
1448	raw
1449	compressed
1450	raw
1451	compressed
1452	raw
1453	compressed
1454	raw
1455	compressed
1456	raw
1457	compressed
1458	raw
1459	raw
1460	raw
1461	raw
1462	raw
1463	raw
1464	raw
1465	raw
1466	raw
1467	raw
1468	raw
1469	raw
1470	raw
1471	raw
1472	raw
1473	raw
1474	raw
1475	raw
1476	raw
1477	raw
1478	raw
1479	raw
1480	raw
1481	raw
1482	raw
1483	raw
1484	raw
1485	raw
1486	raw
1487	raw
1488	raw
1489	raw
1490	raw
1491	raw
1492	raw
1493	raw
1494	raw
1495	raw
1496	raw
1497	raw
1498	raw
1499	raw
1500	raw
1501	raw
1502	raw
1503	raw
1504	raw
1505	raw
1506	raw
1507	raw
1508	raw
1509	raw
1510	raw
1511	raw
1512	raw
1513	raw
1514	raw
1515	raw
1516	raw
1517	raw
1518	raw
1519	raw
1520	raw
1521	raw
1522	raw
1523	raw
1524	raw
1525	raw
1526	raw
1527	raw
1528	raw
1529	raw
1530	raw
1531	raw
1532	raw
1533	raw
1534	raw
1535	raw
1536	raw
1537	raw
1538	raw
1539	raw
1540	raw
1541	raw
1542	raw
1543	raw
1544	raw
1545	raw
1546	raw
1547	raw
1548	raw
1549	raw
1550	raw
1551	raw
1552	raw
1553	raw
1554	raw
1555	raw
1556	raw
1557	raw
1558	raw
1559	raw
1560	raw
1561	raw
1562	raw
1563	raw
1564	raw
1565	raw
1566	raw
1567	raw
1568	raw
1569	raw
1570	raw
1571	raw
1572	raw
1573	raw
1574	raw
1575	raw
1576	raw
1577	raw
1578	raw
1579	raw
1580	raw
1581	raw
1582	raw
1583	raw
1584	raw
1585	raw
1586	raw
1587	raw
1588	raw
1589	raw
1590	raw
1591	raw
1592	raw
1593	raw
1594	raw
1595	raw
1596	raw
1597	raw
1598	raw
1599	raw
1600	raw
1601	raw
1602	raw
1603	raw
1604	raw
1605	raw
1606	raw
1607	raw
1608	raw
1609	raw
1610	raw
1611	raw
1612	raw
1613	raw
1614	raw
1615	raw
1616	raw
1617	raw
1618	raw
1619	raw
1620	raw
1621	raw
1622	raw
1623	raw
1624	raw
1625	raw
1626	raw
1627	raw
1628	raw
1629	raw
1630	raw
1631	raw
1632	raw
1633	raw
1634	raw
1635	raw
1636	raw
1637	raw
1638	raw
1639	raw
1640	raw
1641	raw
1642	raw
1643	raw
1644	raw
1645	raw
1646	raw
1647	raw
1648	raw
1649	raw
1650	raw
1651	raw
1652	raw
1653	raw
1654	raw
1655	raw
1656	raw
1657	raw
1658	raw
1659	raw
1660	raw
1661	raw
1662	raw
1663	raw
1664	raw
1665	raw
1666	raw
1667	raw
1668	raw
1669	raw
1670	raw
1671	raw
1672	raw
1673	raw
1674	raw
1675	raw
1676	raw
1677	raw
1678	raw
1679	raw
1680	raw
1681	raw
1682	raw
1683	raw
1684	raw
1685	raw
1686	raw
1687	raw
1688	raw
1689	raw
1690	raw
1691	raw
1692	raw
1693	raw
1694	raw
1695	raw
1696	raw
1697	raw
1698	raw
1699	raw
1700	raw
1701	raw
1702	raw
1703	raw
1704	raw
1705	raw
1706	raw
1707	raw
1708	raw
1709	raw
1710	raw
1711	raw
1712	raw
1713	raw
1714	raw
1715	raw
1716	raw
1717	raw
1718	raw
1719	raw
1720	raw
1721	raw
1722	raw
1723	raw
1724	raw
1725	raw
1726	raw
1727	raw
1728	raw
1729	raw
1730	raw
1731	raw
1732	raw
1733	raw
1734	raw
1735	raw
1736	raw
1737	raw
1738	raw
1739	raw
1740	raw
1741	raw
1742	raw
1743	raw
1744	raw
1745	raw
1746	raw
1747	raw
1748	raw
1749	raw
1750	raw
1751	raw
1752	raw
1753	raw
1754	raw
1755	raw
1756	raw
1757	raw
1758	raw
1759	raw
1760	raw
1761	raw
1762	raw
1763	raw
1764	raw
1765	raw
1766	raw
1767	raw
1768	raw
1769	raw
1770	raw
1771	raw
1772	raw
1773	raw
1774	raw
1775	raw
1776	raw
1777	raw
1778	raw
1779	raw
1780	raw
1781	raw
1782	raw
1783	raw
1784	raw
1785	raw
1786	raw
1787	raw
1788	raw
1789	raw
1790	raw
1791	raw
1792	raw
1793	raw
1794	raw
1795	raw
1796	raw
1797	raw
1798	raw
1799	raw
1800	raw
1801	raw
1802	raw
1803	raw
1804	raw
1805	raw
1806	raw
1807	raw
1808	raw
1809	raw
1810	raw
1811	raw
1812	raw
1813	raw
1814	raw
1815	raw
1816	raw
1817	raw
1818	raw
1819	raw
1820	raw
1821	raw
1822	raw
1823	raw
1824	raw
1825	raw
1826	raw
1827	raw
1828	raw
1829	raw
1830	raw
1831	raw
1832	raw
1833	raw
1834	raw
1835	raw
1836	raw
1837	raw
1838	raw
1839	raw
1840	raw
1841	raw
1842	raw
1843	raw
1844	raw
1845	raw
1846	raw
1847	raw
1848	raw
1849	raw
1850	raw
1851	raw
1852	raw
1853	raw
1854	raw
1855	raw
1856	raw
1857	raw
1858	raw
1859	raw
1860	raw
1861	raw
1862	raw
1863	raw
1864	raw
1865	raw
1866	raw
1867	raw
1868	raw
1869	raw
1870	raw
1871	raw
1872	raw
1873	raw
1874	raw
1875	raw
1876	raw
1877	raw
1878	raw
1879	raw
1880	raw
1881	raw
1882	raw
1883	raw
1884	raw
1885	raw
1886	raw
1887	raw
1888	raw
1889	raw
1890	raw
1891	raw
1892	raw
1893	raw
1894	raw
1895	raw
1896	raw
1897	raw
1898	raw
1899	raw
1900	raw
1901	raw
1902	raw
1903	raw
1904	raw
1905	raw
1906	raw
1907	raw
1908	raw
1909	raw
1910	raw
1911	raw
1912	raw
1913	raw
1914	raw
1915	raw
1916	raw
1917	raw
1918	raw
1919	raw
1920	raw
1921	raw
1922	raw
1923	raw
1924	raw
1925	raw
1926	raw
1927	raw
1928	raw
1929	raw
1930	raw
1931	raw
1932	raw
1933	raw
1934	raw
1935	raw
1936	raw
1937	raw
1938	raw
1939	raw
1940	raw
1941	raw
1942	raw
1943	raw
1944	raw
1945	raw
1946	raw
1947	raw
1948	raw
1949	raw
1950	raw
1951	raw
1952	raw
1953	raw
1954	raw
1955	raw
1956	raw
1957	raw
1958	raw
1959	raw
1960	raw
1961	raw
1962	raw
1963	raw
1964	raw
1965	raw
1966	raw
1967	raw
1968	raw
1969	raw
1970	raw
1971	raw
1972	raw
1973	raw
1974	raw
1975	raw
1976	raw
1977	raw
1978	raw
1979	raw
1980	raw
1981	raw
1982	raw
1983	raw
1984	raw
1985	raw
1986	raw
1987	raw
1988	raw
1989	raw
1990	raw
1991	raw
1992	raw
1993	raw
1994	raw
1995	raw
1996	raw
1997	raw
1998	raw
1999	raw
2000	raw
2001	raw
2002	raw
2003	raw
2004	raw
2005	raw
2006	raw
2007	raw
2008	raw
2009	raw
2010	raw
2011	raw
2012	raw
2013	raw
2014	raw
2015	raw
2016	raw
2017	raw
2018	raw
2019	raw
2020	raw
2021	raw
2022	raw
2023	raw
2024	raw
2025	raw
2026	raw
2027	raw
2028	raw
2029	raw
2030	raw
2031	raw
2032	raw
2033	raw
2034	raw
2035	raw
2036	raw
2037	raw
2038	raw
2039	raw
2040	raw
2041	raw
2042	raw
2043	raw
2044	raw
2045	raw
2046	raw
2047	raw
2048	raw
2049	raw
2050	raw
2051	raw
2052	raw
2053	raw
2054	raw
2055	raw
2056	raw
2057	raw
2058	raw
2059	raw
2060	raw
2061	raw
2062	raw
2063	raw
2064	raw
2065	raw
2066	raw
2067	raw
2068	raw
2069	raw
2070	raw
2071	raw
2072	raw
2073	raw
2074	raw
2075	raw
2076	raw
2077	raw
2078	raw
2079	raw
2080	raw
2081	raw
2082	raw
2083	raw
2084	raw
2085	raw
2086	raw
2087	raw
2088	raw
2089	raw
2090	raw
2091	raw
2092	raw
2093	raw
2094	raw
2095	raw
2096	raw
2097	raw
2098	raw
2099	raw
2100	raw
2101	raw
2102	raw
2103	raw
2104	raw
2105	raw
2106	raw
2107	raw
2108	raw
2109	raw
2110	raw
2111	raw
2112	raw
2113	raw
2114	raw
2115	raw
2116	raw
2117	raw
2118	raw
2119	raw
2120	raw
2121	raw
2122	raw
2123	raw
2124	raw
2125	raw
2126	raw
2127	raw
2128	raw
2129	raw
2130	raw
2131	raw
2132	raw
2133	raw
2134	raw
2135	raw
2136	raw
2137	raw
2138	raw
2139	raw
2140	raw
2141	raw
2142	raw
2143	raw
2144	raw
2145	raw
2146	raw
2147	raw
2148	raw
2149	raw
2150	raw
2151	raw
2152	raw
2153	raw
2154	raw
2155	raw
2156	raw
2157	raw
2158	raw
2159	raw
2160	raw
2161	raw
2162	raw
2163	raw
2164	raw
2165	raw
2166	raw
2167	raw
2168	raw
2169	raw
2170	raw
2171	raw
2172	raw
2173	raw
2174	raw
2175	raw
2176	raw
2177	raw
2178	raw
2179	raw
2180	raw
2181	raw
2182	raw
2183	raw
2184	raw
2185	raw
2186	raw
2187	raw
2188	raw
2189	raw
2190	raw
2191	raw
2192	raw
2193	raw
2194	raw
2195	raw
2196	raw
2197	raw
2198	raw
2199	raw
2200	raw
2201	raw
2202	raw
2203	raw
2204	raw
2205	raw
2206	raw
2207	raw
2208	raw
2209	raw
2210	raw
2211	raw
2212	raw
2213	raw
2214	raw
2215	raw
2216	raw
2217	raw
2218	raw
2219	raw
2220	raw
2221	raw
2222	raw
2223	raw
2224	raw
2225	raw
2226	raw
2227	raw
2228	raw
2229	raw
2230	raw
2231	raw
2232	raw
2233	raw
2234	raw
2235	raw
2236	raw
2237	raw
2238	raw
2239	raw
2240	raw
2241	raw
2242	raw
2243	raw
2244	raw
2245	raw
2246	raw
2247	raw
2248	raw
2249	raw
2250	raw
2251	raw
2252	raw
2253	raw
2254	raw
2255	raw
2256	raw
2257	raw
2258	raw
2259	raw
2260	raw
2261	raw
2262	raw
2263	raw
2264	raw
2265	raw
2266	raw
2267	raw
2268	raw
2269	raw
2270	raw
2271	raw
2272	raw
2273	raw
2274	raw
2275	raw
2276	raw
2277	raw
2278	raw
2279	raw
2280	raw
2281	raw
2282	raw
2283	raw
2284	raw
2285	raw
2286	raw
2287	raw
2288	raw
2289	raw
2290	raw
2291	raw
2292	raw
2293	raw
2294	raw
2295	raw
2296	raw
2297	raw
2298	raw
2299	raw
2300	raw
2301	raw
2302	raw
2303	raw
2304	raw
2305	raw
2306	raw
2307	raw
2308	raw
2309	raw
2310	raw
2311	raw
2312	raw
2313	raw
2314	raw
2315	raw
2316	raw
2317	raw
2318	raw
2319	raw
2320	raw
2321	raw
2322	raw
2323	raw
2324	raw
2325	raw
2326	raw
2327	raw
2328	raw
2329	raw
2330	raw
2331	raw
2332	raw
2333	raw
2334	raw
2335	raw
2336	raw
2337	raw
2338	raw
2339	raw
2340	raw
2341	raw
2342	raw
2343	raw
2344	raw
2345	raw
2346	raw
2347	raw
2348	raw
2349	raw
2350	raw
2351	raw
2352	raw
2353	raw
2354	raw
2355	raw
2356	raw
2357	raw
2358	raw
2359	raw
2360	raw
2361	raw
2362	raw
2363	raw
2364	raw
2365	raw
2366	raw
2367	raw
2368	raw
2369	raw
2370	raw
2371	raw
2372	raw
2373	raw
2374	raw
2375	raw
2376	raw
2377	raw
2378	raw
2379	raw
2380	raw
2381	raw
2382	raw
2383	raw
2384	raw
2385	raw
2386	raw
2387	raw
2388	raw
2389	raw
2390	raw
2391	raw
2392	raw
2393	raw
2394	raw
2395	raw
2396	raw
2397	raw
2398	raw
2399	raw
2400	raw
2401	raw
2402	raw
2403	raw
2404	raw
2405	raw
2406	raw
2407	raw
2408	raw
2409	raw
2410	raw
2411	raw
2412	raw
2413	raw
2414	raw
2415	raw
2416	raw
2417	raw
2418	raw
2419	raw
2420	raw
2421	raw
2422	raw
2423	raw
2424	raw
2425	raw
2426	raw
2427	raw
2428	raw
2429	raw
2430	raw
2431	raw
2432	raw
2433	raw
2434	raw
2435	raw
2436	raw
2437	raw
2438	raw
2439	raw
2440	raw
2441	raw
2442	raw
2443	raw
2444	raw
2445	raw
2446	raw
2447	raw
2448	raw
2449	raw
2450	raw
2451	raw
2452	raw
2453	raw
2454	raw
2455	raw
2456	raw
2457	raw
2458	raw
2459	raw
2460	raw
2461	raw
2462	raw
2463	raw
2464	raw
2465	raw
2466	raw
2467	raw
2468	raw
2469	raw
2470	raw
2471	raw
2472	raw
2473	raw
2474	raw
2475	raw
2476	raw
2477	raw
2478	raw
2479	raw
2480	raw
2481	raw
2482	raw
2483	raw
2484	raw
2485	raw
2486	raw
2487	raw
2488	raw
2489	raw
2490	raw
2491	raw
2492	raw
2493	raw
2494	raw
2495	raw
2496	raw
2497	raw
2498	raw
2499	raw
2500	raw
2501	raw
2502	raw
2503	raw
2504	raw
2505	raw
2506	raw
2507	raw
2508	raw
2509	raw
2510	raw
2511	raw
2512	raw
2513	raw
2514	raw
2515	raw
2516	raw
2517	raw
2518	raw
2519	raw
2520	raw
2521	raw
2522	raw
2523	raw
2524	raw
2525	raw
2526	raw
2527	raw
2528	raw
2529	raw
2530	raw
2531	raw
2532	raw
2533	raw
2534	raw
2535	raw
2536	raw
2537	raw
2538	raw
2539	raw
2540	raw
2541	raw
2542	raw
2543	raw
2544	raw
2545	raw
2546	raw
2547	raw
2548	raw
2549	raw
2550	raw
2551	raw
2552	raw
2553	raw
2554	raw
2555	raw
2556	raw
2557	raw
2558	raw
2559	raw
2560	raw
2561	raw
2562	raw
2563	raw
2564	raw
2565	raw
2566	raw
2567	raw
2568	raw
2569	raw
2570	raw
2571	raw
2572	raw
2573	raw
2574	raw
2575	raw
2576	raw
2577	raw
2578	raw
2579	raw
2580	raw
2581	raw
2582	raw
2583	raw
2584	raw
2585	raw
2586	raw
2587	raw
2588	raw
2589	raw
2590	raw
2591	raw
2592	raw
2593	raw
2594	raw
2595	raw
2596	raw
2597	raw
2598	raw
2599	raw
2600	raw
2601	raw
2602	raw
2603	raw
2604	raw
2605	raw
2606	raw
2607	raw
2608	raw
2609	raw
2610	raw
2611	raw
2612	raw
2613	raw
2614	raw
2615	raw
2616	raw
2617	raw
2618	raw
2619	raw
2620	raw
2621	raw
2622	raw
2623	raw
2624	raw
2625	raw
2626	raw
2627	raw
2628	raw
2629	raw
2630	raw
2631	raw
2632	raw
2633	raw
2634	raw
2635	raw
2636	raw
2637	raw
2638	raw
2639	raw
2640	raw
2641	raw
2642	raw
2643	raw
2644	raw
2645	raw
2646	raw
2647	raw
2648	raw
2649	raw
2650	raw
2651	raw
2652	raw
2653	raw
2654	raw
2655	raw
2656	raw
2657	raw
2658	raw
2659	raw
2660	raw
2661	raw
2662	raw
2663	raw
2664	raw
2665	raw
2666	raw
2667	raw
2668	raw
2669	raw
2670	raw
2671	raw
2672	raw
2673	raw
2674	raw
2675	raw
2676	raw
2677	raw
2678	raw
2679	raw
2680	raw
2681	raw
2682	raw
2683	raw
2684	raw
2685	raw
2686	raw
2687	raw
2688	raw
2689	raw
2690	raw
2691	raw
2692	raw
2693	raw
2694	raw
2695	raw
2696	raw
2697	raw
2698	raw
2699	raw
2700	raw
2701	raw
2702	raw
2703	raw
2704	raw
2705	raw
2706	raw
2707	raw
2708	raw
2709	raw
2710	raw
2711	raw
2712	raw
2713	raw
2714	raw
2715	raw
2716	raw
2717	raw
2718	raw
2719	raw
2720	raw
2721	raw
2722	raw
2723	raw
2724	raw
2725	raw
2726	raw
2727	raw
2728	raw
2729	raw
2730	raw
2731	raw
2732	raw
2733	raw
2734	raw
2735	raw
2736	raw
2737	raw
2738	raw
2739	raw
2740	raw
2741	raw
2742	raw
2743	raw
2744	raw
2745	raw
2746	raw
2747	raw
2748	raw
2749	raw
2750	raw
2751	raw
2752	raw
2753	raw
2754	raw
2755	raw
2756	raw
2757	raw
2758	raw
2759	raw
2760	raw
2761	raw
2762	raw
2763	raw
2764	raw
2765	raw
2766	raw
2767	raw
2768	raw
2769	raw
2770	raw
2771	raw
2772	raw
2773	raw
2774	raw
2775	raw
2776	raw
2777	raw
2778	raw
2779	raw
2780	raw
2781	raw
2782	raw
2783	raw
2784	raw
2785	raw
2786	raw
2787	raw
2788	raw
2789	raw
2790	raw
2791	raw
2792	raw
2793	raw
2794	raw
2795	raw
2796	raw
2797	raw
2798	raw
2799	raw
2800	raw
2801	raw
2802	raw
2803	raw
2804	raw
2805	raw
2806	raw
2807	raw
2808	raw
2809	raw
2810	raw
2811	raw
2812	raw
2813	raw
2814	raw
2815	raw
2816	raw
2817	raw
2818	raw
2819	raw
2820	raw
2821	raw
2822	raw
2823	raw
2824	raw
2825	raw
2826	raw
2827	raw
2828	raw
2829	raw
2830	raw
2831	raw
2832	raw
2833	raw
2834	raw
2835	raw
2836	raw
2837	raw
2838	raw
2839	raw
2840	raw
2841	raw
2842	raw
2843	raw
2844	raw
2845	raw
2846	raw
2847	raw
2848	raw
2849	raw
2850	raw
2851	raw
2852	raw
2853	raw
2854	raw
2855	raw
2856	raw
2857	raw
2858	raw
2859	raw
2860	raw
2861	raw
2862	raw
2863	raw
2864	raw
2865	raw
2866	raw
2867	raw
2868	raw
2869	raw
2870	raw
2871	raw
2872	raw
2873	raw
2874	raw
2875	raw
2876	raw
2877	raw
2878	raw
2879	raw
2880	raw
2881	raw
2882	raw
2883	raw
2884	raw
2885	raw
2886	raw
2887	raw
2888	raw
2889	raw
2890	raw
2891	raw
2892	raw
2893	raw
2894	raw
2895	raw
2896	raw
2897	raw
2898	raw
2899	raw
2900	raw
2901	raw
2902	raw
2903	raw
2904	raw
2905	raw
2906	raw
2907	raw
2908	raw
2909	raw
2910	raw
2911	raw
2912	raw
2913	raw
2914	raw
2915	raw
2916	raw
2917	raw
2918	raw
2919	raw
2920	raw
2921	raw
2922	raw
2923	raw
2924	raw
2925	raw
2926	raw
2927	raw
2928	raw
2929	raw
2930	raw
2931	raw
2932	raw
2933	raw
2934	raw
2935	raw
2936	raw
2937	raw
2938	raw
2939	raw
2940	raw
2941	raw
2942	raw
2943	raw
2944	raw
2945	raw
2946	raw
2947	raw
2948	raw
2949	raw
2950	raw
2951	raw
2952	raw
2953	raw
2954	raw
2955	raw
2956	raw
2957	raw
2958	raw
2959	raw
2960	raw
2961	raw
2962	raw
2963	raw
2964	raw
2965	raw
2966	raw
2967	raw
2968	raw
2969	raw
2970	raw
2971	raw
2972	raw
2973	raw
2974	raw
2975	raw
2976	raw
2977	raw
2978	raw
2979	raw
2980	raw
2981	raw
2982	raw
2983	raw
2984	raw
2985	raw
2986	raw
2987	raw
2988	raw
2989	raw
2990	raw
2991	raw
2992	raw
2993	raw
2994	raw
2995	raw
2996	raw
2997	raw
2998	raw
2999	raw
3000	raw
3001	raw
3002	raw
3003	raw
3004	raw
3005	raw
3006	raw
3007	raw
3008	raw
3009	raw
3010	raw
3011	raw
3012	raw
3013	raw
3014	raw
3015	raw
3016	raw
3017	raw
3018	raw
3019	raw
3020	raw
3021	raw
3022	raw
3023	raw
3024	raw
3025	raw
3026	raw
3027	raw
3028	raw
3029	raw
3030	raw
3031	raw
3032	raw
3033	raw
3034	raw
3035	raw
3036	raw
3037	raw
3038	raw
3039	raw
3040	raw
3041	raw
3042	raw
3043	raw
3044	raw
3045	raw
3046	raw
3047	raw
3048	raw
3049	raw
3050	raw
3051	raw
3052	raw
3053	raw
3054	raw
3055	raw
3056	raw
3057	raw
3058	raw
3059	raw
3060	raw
3061	raw
3062	raw
3063	raw
3064	raw
3065	raw
3066	raw
3067	raw
3068	raw
3069	raw
3070	raw
3071	raw
3072	raw
3073	raw
3074	raw
3075	raw
3076	raw
3077	raw
3078	raw
3079	raw
3080	raw
3081	raw
3082	raw
3083	raw
3084	raw
3085	raw
3086	raw
3087	raw
3088	raw
3089	raw
3090	raw
3091	raw
3092	raw
3093	raw
3094	raw
3095	raw
3096	raw
3097	raw
3098	raw
3099	raw
3100	raw
3101	raw
3102	raw
3103	raw
3104	raw
3105	raw
3106	raw
3107	raw
3108	raw
3109	raw
3110	raw
3111	raw
3112	raw
3113	raw
3114	raw
3115	raw
3116	raw
3117	raw
3118	raw
3119	raw
3120	raw
3121	raw
3122	raw
3123	raw
3124	raw
3125	raw
3126	raw
3127	raw
3128	raw
3129	raw
3130	raw
3131	raw
3132	raw
3133	raw
3134	raw
3135	raw
3136	raw
3137	raw
3138	raw
3139	raw
3140	raw
3141	raw
3142	raw
3143	raw
3144	raw
3145	raw
3146	raw
3147	raw
3148	raw
3149	raw
3150	raw
3151	raw
3152	raw
3153	raw
3154	raw
3155	raw
3156	raw
3157	raw
3158	raw
3159	raw
3160	raw
3161	raw
3162	raw
3163	raw
3164	raw
3165	raw
3166	raw
3167	raw
3168	raw
3169	raw
3170	raw
3171	raw
3172	raw
3173	raw
3174	raw
3175	raw
3176	raw
3177	raw
3178	raw
3179	raw
3180	raw
3181	raw
3182	raw
3183	raw
3184	raw
3185	raw
3186	raw
3187	raw
3188	raw
3189	raw
3190	raw
3191	raw
3192	raw
3193	raw
3194	raw
3195	raw
3196	raw
3197	raw
3198	raw
3199	raw
3200	raw
3201	raw
3202	raw
3203	raw
3204	raw
3205	raw
3206	raw
3207	raw
3208	raw
3209	raw
3210	raw
3211	raw
3212	raw
3213	raw
3214	raw
3215	raw
3216	raw
3217	raw
3218	raw
3219	raw
3220	raw
3221	raw
3222	raw
3223	raw
3224	raw
3225	raw
3226	raw
3227	raw
3228	raw
3229	raw
3230	raw
3231	raw
3232	raw
3233	raw
3234	raw
3235	raw
3236	raw
3237	raw
3238	raw
3239	raw
3240	raw
3241	raw
3242	raw
3243	raw
3244	raw
3245	raw
3246	raw
3247	raw
3248	raw
3249	raw
3250	raw
3251	raw
3252	raw
3253	raw
3254	raw
3255	raw
3256	raw
3257	raw
3258	raw
3259	raw
3260	raw
3261	raw
3262	raw
3263	raw
3264	raw
3265	raw
3266	raw
3267	raw
3268	raw
3269	raw
3270	raw
3271	raw
3272	raw
3273	raw
3274	raw
3275	raw
3276	raw
3277	raw
3278	raw
3279	raw
3280	raw
3281	raw
3282	raw
3283	raw
3284	raw
3285	raw
3286	raw
3287	raw
3288	raw
3289	raw
3290	raw
3291	raw
3292	raw
3293	raw
3294	raw
3295	raw
3296	raw
3297	raw
3298	raw
3299	raw
3300	raw
3301	raw
3302	raw
3303	raw
3304	raw
3305	raw
3306	raw
3307	raw
3308	raw
3309	raw
3310	raw
3311	raw
3312	raw
3313	raw
3314	raw
3315	raw
3316	raw
3317	raw
3318	raw
3319	raw
3320	raw
3321	raw
3322	raw
3323	raw
3324	raw
3325	raw
3326	raw
3327	raw
3328	raw
3329	raw
3330	raw
3331	raw
3332	raw
3333	raw
3334	raw
3335	raw
3336	raw
3337	raw
3338	raw
3339	raw
3340	raw
3341	raw
3342	raw
3343	raw
3344	raw
3345	raw
3346	raw
3347	raw
3348	raw
3349	raw
3350	raw
3351	raw
3352	raw
3353	raw
3354	raw
3355	raw
3356	raw
3357	raw
3358	raw
3359	raw
3360	raw
3361	raw
3362	raw
3363	raw
3364	raw
3365	raw
3366	raw
3367	raw
3368	raw
3369	raw
3370	raw
3371	raw
3372	raw
3373	raw
3374	raw
3375	raw
3376	raw
3377	raw
3378	raw
3379	raw
3380	raw
3381	raw
3382	raw
3383	raw
3384	raw
3385	raw
3386	raw
3387	raw
3388	raw
3389	raw
3390	raw
3391	raw
3392	raw
3393	raw
3394	raw
3395	raw
3396	raw
3397	raw
3398	raw
3399	raw
3400	raw
3401	raw
3402	raw
3403	raw
3404	raw
3405	raw
3406	raw
3407	raw
3408	raw
3409	raw
3410	raw
3411	raw
3412	raw
3413	raw
3414	raw
3415	raw
3416	raw
3417	raw
3418	raw
3419	raw
3420	raw
3421	raw
3422	raw
3423	raw
3424	raw
3425	raw
3426	raw
3427	raw
3428	raw
3429	raw
3430	raw
3431	raw
3432	raw
3433	raw
3434	raw
3435	raw
3436	raw
3437	raw
3438	raw
3439	raw
3440	raw
3441	raw
3442	raw
3443	raw
3444	raw
3445	raw
3446	raw
3447	raw
3448	raw
3449	raw
3450	raw
3451	raw
3452	raw
3453	raw
3454	raw
3455	raw
3456	raw
3457	raw
3458	raw
3459	raw
3460	raw
3461	raw
3462	raw
3463	raw
3464	raw
3465	raw
3466	raw
3467	raw
3468	raw
3469	raw
3470	raw
3471	raw
3472	raw
3473	raw
3474	raw
3475	raw
3476	raw
3477	raw
3478	raw
3479	raw
3480	raw
3481	raw
3482	raw
3483	raw
3484	raw
3485	raw
3486	raw
3487	raw
3488	raw
3489	raw
3490	raw
3491	raw
3492	raw
3493	raw
3494	raw
3495	raw
3496	raw
3497	raw
3498	raw
3499	raw
3500	raw
3501	raw
3502	raw
3503	raw
3504	raw
3505	raw
3506	raw
3507	raw
3508	raw
3509	raw
3510	raw
3511	raw
3512	raw
3513	raw
3514	raw
3515	raw
3516	raw
3517	raw
3518	raw
3519	raw
3520	raw
3521	raw
3522	raw
3523	raw
3524	raw
3525	raw
3526	raw
3527	raw
3528	raw
3529	raw
3530	raw
3531	raw
3532	raw
3533	raw
3534	raw
3535	raw
3536	raw
3537	raw
3538	raw
3539	raw
3540	raw
3541	raw
3542	raw
3543	raw
3544	raw
3545	raw
3546	raw
3547	raw
3548	raw
3549	raw
3550	raw
3551	raw
3552	raw
3553	raw
3554	raw
3555	raw
3556	raw
3557	raw
3558	raw
3559	raw
3560	raw
3561	raw
3562	raw
3563	raw
3564	raw
3565	raw
3566	raw
3567	raw
3568	raw
3569	raw
3570	raw
3571	raw
3572	raw
3573	raw
3574	raw
3575	raw
3576	raw
3577	raw
3578	raw
3579	raw
3580	raw
3581	raw
3582	raw
3583	raw
3584	raw
3585	raw
3586	raw
3587	raw
3588	raw
3589	raw
3590	raw
3591	raw
3592	raw
3593	raw
3594	raw
3595	raw
3596	raw
3597	raw
3598	raw
3599	raw
3600	raw
3601	raw
3602	raw
3603	raw
3604	raw
3605	raw
3606	raw
3607	raw
3608	raw
3609	raw
3610	raw
3611	raw
3612	raw
3613	raw
3614	raw
3615	raw
3616	raw
3617	raw
3618	raw
3619	raw
3620	raw
3621	raw
3622	raw
3623	raw
3624	raw
3625	raw
3626	raw
3627	raw
3628	raw
3629	raw
3630	raw
3631	raw
3632	raw
3633	raw
3634	raw
3635	raw
3636	raw
3637	raw
3638	raw
3639	raw
3640	raw
3641	raw
3642	raw
3643	raw
3644	raw
3645	raw
3646	raw
3647	raw
3648	raw
3649	raw
3650	raw
3651	raw
3652	raw
3653	raw
3654	raw
3655	raw
3656	raw
3657	raw
3658	raw
3659	raw
3660	raw
3661	raw
3662	raw
3663	raw
3664	raw
3665	raw
3666	raw
3667	raw
3668	raw
3669	raw
3670	raw
3671	raw
3672	raw
3673	raw
3674	raw
3675	raw
3676	raw
3677	raw
3678	raw
3679	raw
3680	raw
3681	raw
3682	raw
3683	raw
3684	raw
3685	raw
3686	raw
3687	raw
3688	raw
3689	raw
3690	raw
3691	raw
3692	raw
3693	raw
3694	raw
3695	raw
3696	raw
3697	raw
3698	raw
3699	raw
3700	raw
3701	raw
3702	raw
3703	raw
3704	raw
3705	raw
3706	raw
3707	raw
3708	raw
3709	raw
3710	raw
3711	raw
3712	raw
3713	raw
3714	raw
3715	raw
3716	raw
3717	raw
3718	raw
3719	raw
3720	raw
3721	raw
3722	raw
3723	raw
3724	raw
3725	raw
3726	raw
3727	raw
3728	raw
3729	raw
3730	raw
3731	raw
3732	raw
3733	raw
3734	raw
3735	raw
3736	raw
3737	raw
3738	raw
3739	raw
3740	raw
3741	raw
3742	raw
3743	raw
3744	raw
3745	raw
3746	raw
3747	raw
3748	raw
3749	raw
3750	raw
3751	raw
3752	raw
3753	raw
3754	raw
3755	raw
3756	raw
3757	raw
3758	raw
3759	raw
3760	raw
3761	raw
3762	raw
3763	raw
3764	raw
3765	raw
3766	raw
3767	raw
3768	raw
3769	raw
3770	raw
3771	raw
3772	raw
3773	raw
3774	raw
3775	raw
3776	raw
3777	raw
3778	raw
3779	raw
3780	raw
3781	raw
3782	raw
3783	raw
3784	raw
3785	raw
3786	raw
3787	raw
3788	raw
3789	raw
3790	raw
3791	raw
3792	raw
3793	raw
3794	raw
3795	raw
3796	raw
3797	raw
3798	raw
3799	raw
3800	raw
3801	raw
3802	raw
3803	raw
3804	raw
3805	raw
3806	raw
3807	raw
3808	raw
3809	raw
3810	raw
3811	raw
3812	raw
3813	raw
3814	raw
3815	raw
3816	raw
3817	raw
3818	raw
3819	raw
3820	raw
3821	raw
3822	raw
3823	raw
3824	raw
3825	raw
3826	raw
3827	raw
3828	raw
3829	raw
3830	raw
3831	raw
3832	raw
3833	raw
3834	raw
3835	raw
3836	raw
3837	raw
3838	raw
3839	raw
3840	raw
3841	raw
3842	raw
3843	raw
3844	raw
3845	raw
3846	raw
3847	raw
3848	raw
3849	raw
3850	raw
3851	raw
3852	raw
3853	raw
3854	raw
3855	raw
3856	raw
3857	raw
3858	raw
3859	raw
3860	raw
3861	raw
3862	raw
3863	raw
3864	raw
3865	raw
3866	raw
3867	raw
3868	raw
3869	raw
3870	raw
3871	raw
3872	raw
3873	raw
3874	raw
3875	raw
3876	raw
3877	raw
3878	raw
3879	raw
3880	raw
3881	raw
3882	raw
3883	raw
3884	raw
3885	raw
3886	raw
3887	raw
3888	raw
3889	raw
3890	raw
3891	raw
3892	raw
3893	raw
3894	raw
3895	raw
3896	raw
3897	raw
3898	raw
3899	raw
3900	raw
3901	raw
3902	raw
3903	raw
3904	raw
3905	raw
3906	raw
3907	raw
3908	raw
3909	raw
3910	raw
3911	raw
3912	raw
3913	raw
3914	raw
3915	raw
3916	raw
3917	raw
3918	raw
3919	raw
3920	raw
3921	raw
3922	raw
3923	raw
3924	raw
3925	raw
3926	raw
3927	raw
3928	raw
3929	raw
3930	raw
3931	raw
3932	raw
3933	raw
3934	raw
3935	raw
3936	raw
3937	raw
3938	raw
3939	raw
3940	raw
3941	raw
3942	raw
3943	raw
3944	raw
3945	raw
3946	raw
3947	raw
3948	raw
3949	raw
3950	raw
3951	raw
3952	raw
3953	raw
3954	raw
3955	raw
3956	raw
3957	raw
3958	raw
3959	raw
3960	raw
3961	raw
3962	raw
3963	raw
3964	raw
3965	raw
3966	raw
3967	raw
3968	raw
3969	raw
3970	raw
3971	raw
3972	raw
3973	raw
3974	raw
3975	raw
3976	raw
3977	raw
3978	raw
3979	raw
3980	raw
3981	raw
3982	raw
3983	raw
3984	raw
3985	raw
3986	raw
3987	raw
3988	raw
3989	raw
3990	raw
3991	raw
3992	raw
3993	raw
3994	raw
3995	raw
3996	raw
3997	raw
3998	raw
3999	raw
4000	raw
4001	raw
4002	raw
4003	raw
4004	raw
4005	raw
4006	raw
4007	raw
4008	raw
4009	raw
4010	raw
4011	raw
4012	raw
4013	raw
4014	raw
4015	raw
4016	raw
4017	raw
4018	raw
4019	raw
4020	raw
4021	raw
4022	raw
4023	raw
4024	raw
4025	raw
4026	raw
4027	raw
4028	raw
4029	raw
4030	raw
4031	raw
4032	raw
4033	raw
4034	raw
4035	raw
4036	raw
4037	raw
4038	raw
4039	raw
4040	raw
4041	raw
4042	raw
4043	raw
4044	raw
4045	raw
4046	raw
4047	raw
4048	raw
4049	raw
4050	raw
4051	raw
4052	raw
4053	raw
4054	raw
4055	raw
4056	raw
4057	raw
4058	raw
4059	raw
4060	raw
4061	raw
4062	raw
4063	raw
4064	raw
4065	raw
4066	raw
4067	raw
4068	raw
4069	raw
4070	raw
4071	raw
4072	raw
4073	raw
4074	raw
4075	raw
4076	raw
4077	raw
4078	raw
4079	raw
4080	raw
4081	raw
4082	raw
4083	raw
4084	raw
4085	raw
4086	raw
4087	raw
4088	raw
4089	raw
4090	raw
4091	raw
4092	raw
4093	raw
4094	raw
4095	raw
4096	raw
4097	raw
4098	raw
4099	raw
4100	raw
4101	raw
4102	raw
4103	raw
4104	raw
4105	raw
4106	raw
4107	raw
4108	raw
4109	raw
4110	raw
4111	raw
4112	raw
4113	raw
4114	raw
4115	raw
4116	raw
4117	raw
4118	raw
4119	raw
4120	raw
4121	raw
4122	raw
4123	raw
4124	raw
4125	raw
4126	raw
4127	raw
4128	raw
4129	raw
4130	raw
4131	raw
4132	raw
4133	raw
4134	raw
4135	raw
4136	raw
4137	raw
4138	raw
4139	raw
4140	raw
4141	raw
4142	raw
4143	raw
4144	raw
4145	raw
4146	raw
4147	raw
4148	raw
4149	raw
4150	raw
4151	raw
4152	raw
4153	raw
4154	raw
4155	raw
4156	raw
4157	raw
4158	raw
4159	raw
4160	raw
4161	raw
4162	raw
4163	raw
4164	raw
4165	raw
4166	raw
4167	raw
4168	raw
4169	raw
4170	raw
4171	raw
4172	raw
4173	raw
4174	raw
4175	raw
4176	raw
4177	raw
4178	raw
4179	raw
4180	raw
4181	raw
4182	raw
4183	raw
4184	raw
4185	raw
4186	raw
4187	raw
4188	raw
4189	raw
4190	raw
4191	raw
4192	raw
4193	raw
4194	raw
4195	raw
4196	raw
4197	raw
4198	raw
4199	raw
4200	raw
4201	raw
4202	raw
4203	raw
4204	raw
4205	raw
4206	raw
4207	raw
4208	raw
4209	raw
4210	raw
4211	raw
4212	raw
4213	raw
4214	raw
4215	raw
4216	raw
4217	raw
4218	raw
4219	raw
4220	raw
4221	raw
4222	raw
4223	raw
4224	raw
4225	raw
4226	raw
4227	raw
4228	raw
4229	raw
4230	raw
4231	raw
4232	raw
4233	raw
4234	raw
4235	raw
4236	raw
4237	raw
4238	raw
4239	raw
4240	raw
4241	raw
4242	raw
4243	raw
4244	raw
4245	raw
4246	raw
4247	raw
4248	raw
4249	raw
4250	raw
4251	raw
4252	raw
4253	raw
4254	raw
4255	raw
4256	raw
4257	raw
4258	raw
4259	raw
4260	raw
4261	raw
4262	raw
4263	raw
4264	raw
4265	raw
4266	raw
4267	raw
4268	raw
4269	raw
4270	raw
4271	raw
4272	raw
4273	raw
4274	raw
4275	raw
4276	raw
4277	raw
4278	raw
4279	raw
4280	raw
4281	raw
4282	raw
4283	raw
4284	raw
4285	raw
4286	raw
4287	raw
4288	raw
4289	raw
4290	raw
4291	raw
4292	raw
4293	raw
4294	raw
4295	raw
4296	raw
4297	raw
4298	raw
4299	raw
4300	raw
4301	raw
4302	raw
4303	raw
4304	raw
4305	raw
4306	raw
4307	raw
4308	raw
4309	raw
4310	raw
4311	raw
4312	raw
4313	raw
4314	raw
4315	raw
4316	raw
4317	raw
4318	raw
4319	raw
4320	raw
4321	raw
4322	raw
4323	raw
4324	raw
4325	raw
4326	raw
4327	raw
4328	raw
4329	raw
4330	raw
4331	raw
4332	raw
4333	raw
4334	raw
4335	raw
4336	raw
4337	raw
4338	raw
4339	raw
4340	raw
4341	raw
4342	raw
4343	raw
4344	raw
4345	raw
4346	raw
4347	raw
4348	raw
4349	raw
4350	raw
4351	raw
4352	raw
4353	raw
4354	raw
4355	raw
4356	raw
4357	raw
4358	raw
4359	raw
4360	raw
4361	raw
4362	raw
4363	raw
4364	raw
4365	raw
4366	raw
4367	raw
4368	raw
4369	raw
4370	raw
4371	raw
4372	raw
4373	raw
4374	raw
4375	raw
4376	raw
4377	raw
4378	raw
4379	raw
4380	raw
4381	raw
4382	raw
4383	raw
4384	raw
4385	raw
4386	raw
4387	raw
4388	raw
4389	raw
4390	raw
4391	raw
4392	raw
4393	raw
4394	raw
4395	raw
4396	raw
4397	raw
4398	raw
4399	raw
4400	raw
4401	raw
4402	raw
4403	raw
4404	raw
4405	raw
4406	raw
4407	raw
4408	raw
4409	raw
4410	raw
4411	raw
4412	raw
4413	raw
4414	raw
4415	raw
4416	raw
4417	raw
4418	raw
4419	raw
4420	raw
4421	raw
4422	raw
4423	raw
4424	raw
4425	raw
4426	raw
4427	raw
4428	raw
4429	raw
4430	raw
4431	raw
4432	raw
4433	raw
4434	raw
4435	raw
4436	raw
4437	raw
4438	raw
4439	raw
4440	raw
4441	raw
4442	raw
4443	raw
4444	raw
4445	raw
4446	raw
4447	raw
4448	raw
4449	raw
4450	raw
4451	raw
4452	raw
4453	raw
4454	raw
4455	raw
4456	raw
4457	raw
4458	raw
4459	raw
4460	raw
4461	raw
4462	raw
4463	raw
4464	raw
4465	raw
4466	raw
4467	raw
4468	raw
4469	raw
4470	raw
4471	raw
4472	raw
4473	raw
4474	raw
4475	raw
4476	raw
4477	raw
4478	raw
4479	raw
4480	raw
4481	raw
4482	raw
4483	raw
4484	raw
4485	raw
4486	raw
4487	raw
4488	raw
4489	raw
4490	raw
4491	raw
4492	raw
4493	raw
4494	raw
4495	raw
4496	raw
4497	raw
4498	raw
4499	raw
4500	raw
4501	raw
4502	raw
4503	raw
4504	raw
4505	raw
4506	raw
4507	raw
4508	raw
4509	raw
4510	raw
4511	raw
4512	raw
4513	raw
4514	raw
4515	raw
4516	raw
4517	raw
4518	raw
4519	raw
4520	raw
4521	raw
4522	raw
4523	raw
4524	raw
4525	raw
4526	raw
4527	raw
4528	raw
4529	raw
4530	raw
4531	raw
4532	raw
4533	raw
4534	raw
4535	raw
4536	raw
4537	raw
4538	raw
4539	raw
4540	raw
4541	raw
4542	raw
4543	raw
4544	raw
4545	raw
4546	raw
4547	raw
4548	raw
4549	raw
4550	raw
4551	raw
4552	raw
4553	raw
4554	raw
4555	raw
4556	raw
4557	raw
4558	raw
4559	raw
4560	raw
4561	raw
4562	raw
4563	raw
4564	raw
4565	raw
4566	raw
4567	raw
4568	raw
4569	raw
4570	raw
4571	raw
4572	raw
4573	raw
4574	raw
4575	raw
4576	raw
4577	raw
4578	raw
4579	raw
4580	raw
4581	raw
4582	raw
4583	raw
4584	raw
4585	raw
4586	raw
4587	raw
4588	raw
4589	raw
4590	raw
4591	raw
4592	raw
4593	raw
4594	raw
4595	raw
4596	raw
4597	raw
4598	raw
4599	raw
4600	raw
4601	raw
4602	raw
4603	raw
4604	raw
4605	raw
4606	raw
4607	raw
4608	raw
4609	raw
4610	raw
4611	raw
4612	raw
4613	raw
4614	raw
4615	raw
4616	raw
4617	raw
4618	raw
4619	raw
4620	raw
4621	raw
4622	raw
4623	raw
4624	raw
4625	raw
4626	raw
4627	raw
4628	raw
4629	raw
4630	raw
4631	raw
4632	raw
4633	raw
4634	raw
4635	raw
4636	raw
4637	raw
4638	raw
4639	raw
4640	raw
4641	raw
4642	raw
4643	raw
4644	raw
4645	raw
4646	raw
4647	raw
4648	raw
4649	raw
4650	raw
4651	raw
4652	raw
4653	raw
4654	raw
4655	raw
4656	raw
4657	raw
4658	raw
4659	raw
4660	raw
4661	raw
4662	raw
4663	raw
4664	raw
4665	raw
4666	raw
4667	raw
4668	raw
4669	raw
4670	raw
4671	raw
4672	raw
4673	raw
4674	raw
4675	raw
4676	raw
4677	raw
4678	raw
4679	raw
4680	raw
4681	raw
4682	raw
4683	raw
4684	raw
4685	raw
4686	raw
4687	raw
4688	raw
4689	raw
4690	raw
4691	raw
4692	raw
4693	raw
4694	raw
4695	raw
4696	raw
4697	raw
4698	raw
4699	raw
4700	raw
4701	raw
4702	raw
4703	raw
4704	raw
4705	raw
4706	raw
4707	raw
4708	raw
4709	raw
4710	raw
4711	raw
4712	raw
4713	raw
4714	raw
4715	raw
4716	raw
4717	raw
4718	raw
4719	raw
4720	raw
4721	raw
4722	raw
4723	raw
4724	raw
4725	raw
4726	raw
4727	raw
4728	raw
4729	raw
4730	raw
4731	raw
4732	raw
4733	raw
4734	raw
4735	raw
4736	raw
4737	raw
4738	raw
4739	raw
4740	raw
4741	raw
4742	raw
4743	raw
4744	raw
4745	raw
4746	raw
4747	raw
4748	raw
4749	raw
4750	raw
4751	raw
4752	raw
4753	raw
4754	raw
4755	raw
4756	raw
4757	raw
4758	raw
4759	raw
4760	raw
4761	raw
4762	raw
4763	raw
4764	raw
4765	raw
4766	raw
4767	raw
4768	raw
4769	raw
4770	raw
4771	raw
4772	raw
4773	raw
4774	raw
4775	raw
4776	raw
4777	raw
4778	raw
4779	raw
4780	raw
4781	raw
4782	raw
4783	raw
4784	raw
4785	raw
4786	raw
4787	raw
4788	raw
4789	raw
4790	raw
4791	raw
4792	raw
4793	raw
4794	raw
4795	raw
4796	raw
4797	raw
4798	raw
4799	raw
4800	raw
4801	raw
4802	raw
4803	raw
4804	raw
4805	raw
4806	raw
4807	raw
4808	raw
4809	raw
4810	raw
4811	raw
4812	raw
4813	raw
4814	raw
4815	raw
4816	raw
4817	raw
4818	raw
4819	raw
4820	raw
4821	raw
4822	raw
4823	raw
4824	raw
4825	raw
4826	raw
4827	raw
4828	raw
4829	raw
4830	raw
4831	raw
4832	raw
4833	raw
4834	raw
4835	raw
4836	raw
4837	raw
4838	raw
4839	raw
4840	raw
4841	raw
4842	raw
4843	raw
4844	raw
4845	raw
4846	raw
4847	raw
4848	raw
4849	raw
4850	raw
4851	raw
4852	raw
4853	raw
4854	raw
4855	raw
4856	raw
4857	raw
4858	raw
4859	raw
4860	raw
4861	raw
4862	raw
4863	raw
4864	raw
4865	raw
4866	raw
4867	raw
4868	raw
4869	raw
4870	raw
4871	raw
4872	raw
4873	raw
4874	raw
4875	raw
4876	raw
4877	raw
4878	raw
4879	raw
4880	raw
4881	raw
4882	raw
4883	raw
4884	raw
4885	raw
4886	raw
4887	raw
4888	raw
4889	raw
4890	raw
4891	raw
4892	raw
4893	raw
4894	raw
4895	raw
4896	raw
4897	raw
4898	raw
4899	raw
4900	raw
4901	raw
4902	raw
4903	raw
4904	raw
4905	raw
4906	raw
4907	raw
4908	raw
4909	raw
4910	raw
4911	raw
4912	raw
4913	raw
4914	raw
4915	raw
4916	raw
4917	raw
4918	raw
4919	raw
4920	raw
4921	raw
4922	raw
4923	raw
4924	raw
4925	raw
4926	raw
4927	raw
4928	raw
4929	raw
4930	raw
4931	raw
4932	raw
4933	raw
4934	raw
4935	raw
4936	raw
4937	raw
4938	raw
4939	raw
4940	raw
4941	raw
4942	raw
4943	raw
4944	raw
4945	raw
4946	raw
4947	raw
4948	raw
4949	raw
4950	raw
4951	raw
4952	raw
4953	raw
4954	raw
4955	raw
4956	raw
4957	raw
4958	raw
4959	raw
4960	raw
4961	raw
4962	raw
4963	raw
4964	raw
4965	raw
4966	raw
4967	raw
4968	raw
4969	raw
4970	raw
4971	raw
4972	raw
4973	raw
4974	raw
4975	raw
4976	raw
4977	raw
4978	raw
4979	raw
4980	raw
4981	raw
4982	raw
4983	raw
4984	raw
4985	raw
4986	raw
4987	raw
4988	raw
4989	raw
4990	raw
4991	raw
4992	raw
4993	raw
4994	raw
4995	raw
4996	raw
4997	raw
4998	raw
4999	raw
5000	raw
5001	raw
5002	raw
5003	raw
5004	raw
5005	raw
5006	raw
5007	raw
5008	raw
5009	raw
5010	raw
5011	raw
5012	raw
5013	raw
5014	raw
5015	raw
5016	raw
5017	raw
5018	raw
5019	raw
5020	raw
5021	raw
5022	raw
5023	raw
5024	raw
5025	raw
5026	raw
5027	raw
5028	raw
5029	raw
5030	raw
5031	raw
5032	raw
5033	raw
5034	raw
5035	raw
5036	raw
5037	raw
5038	raw
5039	raw
5040	raw
5041	raw
5042	raw
5043	raw
5044	raw
5045	raw
5046	raw
5047	raw
5048	raw
5049	raw
5050	raw
5051	raw
5052	raw
5053	raw
5054	raw
5055	raw
5056	raw
5057	raw
5058	raw
5059	raw
5060	raw
5061	raw
5062	raw
5063	raw
5064	raw
5065	raw
5066	raw
5067	raw
5068	raw
5069	raw
5070	raw
5071	raw
5072	raw
5073	raw
5074	raw
5075	raw
5076	raw
5077	raw
5078	raw
5079	raw
5080	raw
5081	raw
5082	raw
5083	raw
5084	raw
5085	raw
5086	raw
5087	raw
5088	raw
5089	raw
5090	raw
5091	raw
5092	raw
5093	raw
5094	raw
5095	raw
5096	raw
5097	raw
5098	raw
5099	raw
5100	raw
5101	raw
5102	raw
5103	raw
5104	raw
5105	raw
5106	raw
5107	raw
5108	raw
5109	raw
5110	raw
5111	raw
5112	raw
5113	raw
5114	raw
5115	raw
5116	raw
5117	raw
5118	raw
5119	raw
5120	raw
5121	raw
5122	raw
5123	raw
5124	raw
5125	raw
5126	raw
5127	raw
5128	raw
5129	raw
5130	raw
5131	raw
5132	raw
5133	raw
5134	raw
5135	raw
5136	raw
5137	raw
5138	raw
5139	raw
5140	raw
5141	raw
5142	raw
5143	raw
5144	raw
5145	raw
5146	raw
5147	raw
5148	raw
5149	raw
5150	raw
5151	raw
5152	raw
5153	raw
5154	raw
5155	raw
5156	raw
5157	raw
5158	raw
5159	raw
5160	raw
5161	raw
5162	raw
5163	raw
5164	raw
5165	raw
5166	raw
5167	raw
5168	raw
5169	raw
5170	raw
5171	raw
5172	raw
5173	raw
5174	raw
5175	raw
5176	raw
5177	raw
5178	raw
5179	raw
5180	raw
5181	raw
5182	raw
5183	raw
5184	raw
5185	raw
5186	raw
5187	raw
5188	raw
5189	raw
5190	raw
5191	raw
5192	raw
5193	raw
5194	raw
5195	raw
5196	raw
5197	raw
5198	raw
5199	raw
5200	raw
5201	raw
5202	raw
5203	raw
5204	raw
5205	raw
5206	raw
5207	raw
5208	raw
5209	raw
5210	raw
5211	raw
5212	raw
5213	raw
5214	raw
5215	raw
5216	raw
5217	raw
5218	raw
5219	raw
5220	raw
5221	raw
5222	raw
5223	raw
5224	raw
5225	raw
5226	raw
5227	raw
5228	raw
5229	raw
5230	raw
5231	raw
5232	raw
5233	raw
5234	raw
5235	raw
5236	raw
5237	raw
5238	raw
5239	raw
5240	raw
5241	raw
5242	raw
5243	raw
5244	raw
5245	raw
5246	raw
5247	raw
5248	raw
5249	raw
5250	raw
5251	raw
5252	raw
5253	raw
5254	raw
5255	raw
5256	raw
5257	raw
5258	raw
5259	raw
5260	raw
5261	raw
5262	raw
5263	raw
5264	raw
5265	raw
5266	raw
5267	raw
5268	raw
5269	raw
5270	raw
5271	raw
5272	raw
5273	raw
5274	raw
5275	raw
5276	raw
5277	raw
5278	raw
5279	raw
5280	raw
5281	raw
5282	raw
5283	raw
5284	raw
5285	raw
5286	raw
5287	raw
5288	raw
5289	raw
5290	raw
5291	raw
5292	raw
5293	raw
5294	raw
5295	raw
5296	raw
5297	raw
5298	raw
5299	raw
5300	raw
5301	raw
5302	raw
5303	raw
5304	raw
5305	raw
5306	raw
5307	raw
5308	raw
5309	raw
5310	raw
5311	raw
5312	raw
5313	raw
5314	raw
5315	raw
5316	raw
5317	raw
5318	raw
5319	raw
5320	raw
5321	raw
5322	raw
5323	raw
5324	raw
5325	raw
5326	raw
5327	raw
5328	raw
5329	raw
5330	raw
5331	raw
5332	raw
5333	raw
5334	raw
5335	raw
5336	raw
5337	raw
5338	raw
5339	raw
5340	raw
5341	raw
5342	raw
5343	raw
5344	raw
5345	raw
5346	raw
5347	raw
5348	raw
5349	raw
5350	raw
5351	raw
5352	raw
5353	raw
5354	raw
5355	raw
5356	raw
5357	raw
5358	raw
5359	raw
5360	raw
5361	raw
5362	raw
5363	raw
5364	raw
5365	raw
5366	raw
5367	raw
5368	raw
5369	raw
5370	raw
5371	raw
5372	raw
5373	raw
5374	raw
5375	raw
5376	raw
5377	raw
5378	raw
5379	raw
5380	raw
5381	raw
5382	raw
5383	raw
5384	raw
5385	raw
5386	raw
5387	raw
5388	raw
5389	raw
5390	raw
5391	raw
5392	raw
5393	raw
5394	raw
5395	raw
5396	raw
5397	raw
5398	raw
5399	raw
5400	raw
5401	raw
5402	raw
5403	raw
5404	raw
5405	raw
5406	raw
5407	raw
5408	raw
5409	raw
5410	raw
5411	raw
5412	raw
5413	raw
5414	raw
5415	raw
5416	raw
5417	raw
5418	raw
5419	raw
5420	raw
5421	raw
5422	raw
5423	raw
5424	raw
5425	raw
5426	raw
5427	raw
5428	raw
5429	raw
5430	raw
5431	raw
5432	raw
5433	raw
5434	raw
5435	raw
5436	raw
5437	raw
5438	raw
5439	raw
5440	raw
5441	raw
5442	raw
5443	raw
5444	raw
5445	raw
5446	raw
5447	raw
5448	raw
5449	raw
5450	raw
5451	raw
5452	raw
5453	raw
5454	raw
5455	raw
5456	raw
5457	raw
5458	raw
5459	raw
5460	raw
5461	raw
5462	raw
5463	raw
5464	raw
5465	raw
5466	raw
5467	raw
5468	raw
5469	raw
5470	raw
5471	raw
5472	raw
5473	raw
5474	raw
5475	raw
5476	raw
5477	raw
5478	raw
5479	raw
5480	raw
5481	raw
5482	raw
5483	raw
5484	raw
5485	raw
5486	raw
5487	raw
5488	raw
5489	raw
5490	raw
5491	raw
5492	raw
5493	raw
5494	raw
5495	raw
5496	raw
5497	raw
5498	raw
5499	raw
5500	raw
5501	raw
5502	raw
5503	raw
5504	raw
5505	raw
5506	raw
5507	raw
5508	raw
5509	raw
5510	raw
5511	raw
5512	raw
5513	raw
5514	raw
5515	raw
5516	raw
5517	raw
5518	raw
5519	raw
5520	raw
5521	raw
5522	raw
5523	raw
5524	raw
5525	raw
5526	raw
5527	raw
5528	raw
5529	raw
5530	raw
5531	raw
5532	raw
5533	raw
5534	raw
5535	raw
5536	raw
5537	raw
5538	raw
5539	raw
5540	raw
5541	raw
5542	raw
5543	raw
5544	raw
5545	raw
5546	raw
5547	raw
5548	raw
5549	raw
5550	raw
5551	raw
5552	raw
5553	raw
5554	raw
5555	raw
5556	raw
5557	raw
5558	raw
5559	raw
5560	raw
5561	raw
5562	raw
5563	raw
5564	raw
5565	raw
5566	raw
5567	raw
5568	raw
5569	raw
5570	raw
5571	raw
5572	raw
5573	raw
5574	raw
5575	raw
5576	raw
5577	raw
5578	raw
5579	raw
5580	raw
5581	raw
5582	raw
5583	raw
5584	raw
5585	raw
5586	raw
5587	raw
5588	raw
5589	raw
5590	raw
5591	raw
5592	raw
5593	raw
5594	raw
5595	raw
5596	raw
5597	raw
5598	raw
5599	raw
5600	raw
5601	raw
5602	raw
5603	raw
5604	raw
5605	raw
5606	raw
5607	raw
5608	raw
5609	raw
5610	raw
5611	raw
5612	raw
5613	raw
5614	raw
5615	raw
5616	raw
5617	raw
5618	raw
5619	raw
5620	raw
5621	raw
5622	raw
5623	raw
5624	raw
5625	raw
5626	raw
5627	raw
5628	raw
5629	raw
5630	raw
5631	raw
5632	raw
5633	raw
5634	raw
5635	raw
5636	raw
5637	raw
5638	raw
5639	raw
5640	raw
5641	raw
5642	raw
5643	raw
5644	raw
5645	raw
5646	raw
5647	raw
5648	raw
5649	raw
5650	raw
5651	raw
5652	raw
5653	raw
5654	raw
5655	raw
5656	raw
5657	raw
5658	raw
5659	raw
5660	raw
5661	raw
5662	raw
5663	raw
5664	raw
5665	raw
5666	raw
5667	raw
5668	raw
5669	raw
5670	raw
5671	raw
5672	raw
5673	raw
5674	raw
5675	raw
5676	raw
5677	raw
5678	raw
5679	raw
5680	raw
5681	raw
5682	raw
5683	raw
5684	raw
5685	raw
5686	raw
5687	raw
5688	raw
5689	raw
5690	raw
5691	raw
5692	raw
5693	raw
5694	raw
5695	raw
5696	raw
5697	raw
5698	raw
5699	raw
5700	raw
5701	raw
5702	raw
5703	raw
5704	raw
5705	raw
5706	raw
5707	raw
5708	raw
5709	raw
5710	raw
5711	raw
5712	raw
5713	raw
5714	raw
5715	raw
5716	raw
5717	raw
5718	raw
5719	raw
5720	raw
5721	raw
5722	raw
5723	raw
5724	raw
5725	raw
5726	raw
5727	raw
5728	raw
5729	raw
5730	raw
5731	raw
5732	raw
5733	raw
5734	raw
5735	raw
5736	raw
5737	raw
5738	raw
5739	raw
5740	raw
5741	raw
5742	raw
5743	raw
5744	raw
5745	raw
5746	raw
5747	raw
5748	raw
5749	raw
5750	raw
5751	raw
5752	raw
5753	raw
5754	raw
5755	raw
5756	raw
5757	raw
5758	raw
5759	raw
5760	raw
5761	raw
5762	raw
5763	raw
5764	raw
5765	raw
5766	raw
5767	raw
5768	raw
5769	raw
5770	raw
5771	raw
5772	raw
5773	raw
5774	raw
5775	raw
5776	raw
5777	raw
5778	raw
5779	raw
5780	raw
5781	raw
5782	raw
5783	raw
5784	raw
5785	raw
5786	raw
5787	raw
5788	raw
5789	raw
5790	raw
5791	raw
5792	raw
5793	raw
5794	raw
5795	raw
5796	raw
5797	raw
5798	raw
5799	raw
5800	raw
5801	raw
5802	raw
5803	raw
5804	raw
5805	raw
5806	raw
5807	raw
5808	raw
5809	raw
5810	raw
5811	raw
5812	raw
5813	raw
5814	raw
5815	raw
5816	raw
5817	raw
5818	raw
5819	raw
5820	raw
5821	raw
5822	raw
5823	raw
5824	raw
5825	raw
5826	raw
5827	raw
5828	raw
5829	raw
5830	raw
5831	raw
5832	raw
5833	raw
5834	raw
5835	raw
5836	raw
5837	raw
5838	raw
5839	raw
5840	raw
5841	raw
5842	raw
5843	raw
5844	raw
5845	raw
5846	raw
5847	raw
5848	raw
5849	raw
5850	raw
5851	raw
5852	raw
5853	raw
5854	raw
5855	raw
5856	raw
5857	raw
5858	raw
5859	raw
5860	raw
5861	raw
5862	raw
5863	raw
5864	raw
5865	raw
5866	raw
5867	raw
5868	raw
5869	raw
5870	raw
5871	raw
5872	raw
5873	raw
5874	raw
5875	raw
5876	raw
5877	raw
5878	raw
5879	raw
5880	raw
5881	raw
5882	raw
5883	raw
5884	raw
5885	raw
5886	raw
5887	raw
5888	raw
5889	raw
5890	raw
5891	raw
5892	raw
5893	raw
5894	raw
5895	raw
5896	raw
5897	raw
5898	raw
5899	raw
5900	raw
5901	raw
5902	raw
5903	raw
5904	raw
5905	raw
5906	raw
5907	raw
5908	raw
5909	raw
5910	raw
5911	raw
5912	raw
5913	raw
5914	raw
5915	raw
5916	raw
5917	raw
5918	raw
5919	raw
5920	raw
5921	raw
5922	raw
5923	raw
5924	raw
5925	raw
5926	raw
5927	raw
5928	raw
5929	raw
5930	raw
5931	raw
5932	raw
5933	raw
5934	raw
5935	raw
5936	raw
5937	raw
5938	raw
5939	raw
5940	raw
5941	raw
5942	raw
5943	raw
5944	raw
5945	raw
5946	raw
5947	raw
5948	raw
5949	raw
5950	raw
5951	raw
5952	raw
5953	raw
5954	raw
5955	raw
5956	raw
5957	raw
5958	raw
5959	raw
5960	raw
5961	raw
5962	raw
5963	raw
5964	raw
5965	raw
5966	raw
5967	raw
5968	raw
5969	raw
5970	raw
5971	raw
5972	raw
5973	raw
5974	raw
5975	raw
5976	raw
5977	raw
5978	raw
5979	raw
5980	raw
5981	raw
5982	raw
5983	raw
5984	raw
5985	raw
5986	raw
5987	raw
5988	raw
5989	raw
5990	raw
5991	raw
5992	raw
5993	raw
5994	raw
5995	raw
5996	raw
5997	raw
5998	raw
5999	raw
6000	raw
6001	raw
6002	raw
6003	raw
6004	raw
6005	raw
6006	raw
6007	raw
6008	raw
6009	raw
6010	raw
6011	raw
6012	raw
6013	raw
6014	raw
6015	raw
6016	raw
6017	raw
6018	raw
6019	raw
6020	raw
6021	raw
6022	raw
6023	raw
6024	raw
6025	raw
6026	raw
6027	raw
6028	raw
6029	raw
6030	raw
6031	raw
6032	raw
6033	raw
6034	raw
6035	raw
6036	raw
6037	raw
6038	raw
6039	raw
6040	raw
6041	raw
6042	raw
6043	raw
6044	raw
6045	raw
6046	raw
6047	raw
6048	raw
6049	raw
6050	raw
6051	raw
6052	raw
6053	raw
6054	raw
6055	raw
6056	raw
6057	raw
6058	raw
6059	raw
6060	raw
6061	raw
6062	raw
6063	raw
6064	raw
6065	raw
6066	raw
6067	raw
6068	raw
6069	raw
6070	raw
6071	raw
6072	raw
6073	raw
6074	raw
6075	raw
6076	raw
6077	raw
6078	raw
6079	raw
6080	raw
6081	raw
6082	raw
6083	raw
6084	raw
6085	raw
6086	raw
6087	raw
6088	raw
6089	raw
6090	raw
6091	raw
6092	raw
6093	raw
6094	raw
6095	raw
6096	raw
6097	raw
6098	raw
6099	raw
6100	raw
6101	raw
6102	raw
6103	raw
6104	raw
6105	raw
6106	raw
6107	raw
6108	raw
6109	raw
6110	raw
6111	raw
6112	raw
6113	raw
6114	raw
6115	raw
6116	raw
6117	raw
6118	raw
6119	raw
6120	raw
6121	raw
6122	raw
6123	raw
6124	raw
6125	raw
6126	raw
6127	raw
6128	raw
6129	raw
6130	raw
6131	raw
6132	raw
6133	raw
6134	raw
6135	raw
6136	raw
6137	raw
6138	raw
6139	raw
6140	raw
6141	raw
6142	raw
6143	raw
6144	raw
6145	raw
6146	raw
6147	raw
6148	raw
6149	raw
6150	raw
6151	raw
6152	raw
6153	raw
6154	raw
6155	raw
6156	raw
6157	raw
6158	raw
6159	raw
6160	raw
6161	raw
6162	raw
6163	raw
6164	raw
6165	raw
6166	raw
6167	raw
6168	raw
6169	raw
6170	raw
6171	raw
6172	raw
6173	raw
6174	raw
6175	raw
6176	raw
6177	raw
6178	raw
6179	raw
6180	raw
6181	raw
6182	raw
6183	raw
6184	raw
6185	raw
6186	raw
6187	raw
6188	raw
6189	raw
6190	raw
6191	raw
6192	raw
6193	raw
6194	raw
6195	raw
6196	raw
6197	raw
6198	raw
6199	raw
6200	raw
6201	raw
6202	raw
6203	raw
6204	raw
6205	raw
6206	raw
6207	raw
6208	raw
6209	raw
6210	raw
6211	raw
6212	raw
6213	raw
6214	raw
6215	raw
6216	raw
6217	raw
6218	raw
6219	raw
6220	raw
6221	raw
6222	raw
6223	raw
6224	raw
6225	raw
6226	raw
6227	raw
6228	raw
6229	raw
6230	raw
6231	raw
6232	raw
6233	raw
6234	raw
6235	raw
6236	raw
6237	raw
6238	raw
6239	raw
6240	raw
6241	raw
6242	raw
6243	raw
6244	raw
6245	raw
6246	raw
6247	raw
6248	raw
6249	raw
6250	raw
6251	raw
6252	raw
6253	raw
6254	raw
6255	raw
6256	raw
6257	raw
6258	raw
6259	raw
6260	raw
6261	raw
6262	raw
6263	raw
6264	raw
6265	raw
6266	raw
6267	raw
6268	raw
6269	raw
6270	raw
6271	raw
6272	raw
6273	raw
6274	raw
6275	raw
6276	raw
6277	raw
6278	raw
6279	raw
6280	raw
6281	raw
6282	raw
6283	raw
6284	raw
6285	raw
6286	raw
6287	raw
6288	raw
6289	raw
6290	raw
6291	raw
6292	raw
6293	raw
6294	raw
6295	raw
6296	raw
6297	raw
6298	raw
6299	raw
6300	raw
6301	raw
6302	raw
6303	raw
6304	raw
6305	raw
6306	raw
6307	raw
6308	raw
6309	raw
6310	raw
6311	raw
6312	raw
6313	raw
6314	raw
6315	raw
6316	raw
6317	raw
6318	raw
6319	raw
6320	raw
6321	raw
6322	raw
6323	raw
6324	raw
6325	raw
6326	raw
6327	raw
6328	raw
6329	raw
6330	compressed
6331	compressed
6332	compressed
6333	raw
6334	raw
6335	compressed
6336	compressed
6337	compressed
6338	compressed
6339	compressed
6340	compressed
6341	compressed
6342	compressed
6343	compressed
6344	compressed
6345	compressed
6346	compressed
6347	compressed
6348	compressed
6349	compressed
6350	compressed
6351	compressed
6352	compressed
6353	compressed
6354	compressed
6355	compressed
6356	compressed
6357	compressed
6358	compressed
6359	compressed
6360	compressed
6361	compressed
6362	compressed
6363	compressed
6364	compressed
6365	compressed
6366	raw
6367	compressed
6368	compressed
6369	compressed
6370	compressed
6371	compressed
6372	compressed
6373	compressed
6374	compressed
6375	compressed
6376	compressed
6377	compressed
6378	compressed
6379	compressed
6380	compressed
6381	compressed
6382	compressed
6383	compressed
6384	compressed
6385	compressed
6386	compressed
6387	compressed
6388	compressed
6389	compressed
6390	compressed
6391	compressed
6392	compressed
6393	compressed
6394	compressed
6395	compressed
6396	compressed
6397	compressed
6398	compressed
6399	compressed
6400	compressed
6401	compressed
6402	compressed
6403	compressed
6404	compressed
6405	compressed
6406	compressed
6407	compressed
6408	compressed
6409	compressed
6410	compressed
6411	compressed
6412	compressed
6413	compressed
6414	compressed
6415	compressed
6416	compressed
6417	compressed
6418	compressed
6419	compressed
6420	compressed
6421	compressed
6422	compressed
6423	compressed
6424	compressed
6425	compressed
6426	compressed
6427	compressed
6428	compressed
6429	compressed
6430	compressed
6431	compressed
6432	compressed
6433	compressed
6434	compressed
6435	compressed
6436	compressed
6437	compressed
6438	compressed
6439	compressed
6440	compressed
6441	compressed
6442	compressed
6443	compressed
6444	compressed
6445	compressed
6446	compressed
6447	compressed
6448	compressed
6449	compressed
6450	compressed
6451	compressed
6452	compressed
6453	compressed
6454	compressed
6455	compressed
6456	compressed
6457	compressed
6458	compressed
6459	compressed
6460	compressed
6461	compressed
6462	compressed
6463	compressed
6464	compressed
6465	compressed
6466	compressed
6467	raw
6468	raw
6469	raw
6470	raw
6471	raw
6472	raw
6473	raw
6474	raw
6475	raw
6476	raw
6477	raw
6478	raw
6479	raw
6480	raw
6481	raw
6482	raw
6483	raw
6484	raw
6485	raw
6486	raw
6487	raw
6488	raw
6489	raw
6490	raw
6491	raw
6492	raw
6493	raw
6494	raw
6495	dummy
6496	raw
6497	raw
6498	raw
6499	raw
6500	raw
6501	raw
6502	raw
6503	raw
6504	raw
6505	raw
6506	raw
6507	raw
6508	raw
6509	raw
6510	raw
6511	raw
6512	raw
6513	raw
6514	raw
6515	raw
6516	raw
6517	raw
6518	raw
6519	raw
6520	raw
6521	raw
6522	raw
6523	raw
6524	raw
6525	raw
6526	raw
6527	raw
6528	raw
6529	raw
6530	raw
6531	raw
6532	raw
6533	raw
6534	raw
6535	raw
6536	raw
6537	raw
6538	raw
6539	raw
6540	raw
6541	raw
6542	raw
6543	raw
6544	raw
6545	raw
6546	raw
6547	raw
6548	raw
6549	dummy
6550	dummy
6551	raw
6552	raw
6553	raw
6554	raw
6555	raw
6556	raw
6557	raw
6558	raw
6559	raw
6560	raw
6561	raw
6562	raw
6563	raw
6564	raw
6565	raw
6566	raw
6567	raw
6568	raw
6569	raw
6570	raw
6571	raw
6572	raw
6573	raw
6574	raw
6575	raw
6576	raw
6577	raw
6578	raw
6579	raw
6580	raw
6581	raw
6582	raw
6583	raw
6584	raw
6585	raw
6586	raw
6587	raw
6588	raw
6589	raw
6590	raw
6591	raw
6592	raw
6593	raw
6594	raw
6595	raw
6596	raw
6597	raw
6598	raw
6599	raw
6600	raw
6601	raw
6602	raw
6603	raw
6604	raw
6605	raw
6606	raw
6607	raw
6608	raw
6609	raw
6610	raw
6611	raw
6612	raw
6613	raw
6614	raw
6615	raw
6616	raw
6617	raw
6618	raw
6619	raw
6620	raw
6621	raw
6622	raw
6623	raw
6624	raw
6625	raw
6626	raw
6627	raw
6628	raw
6629	raw
6630	raw
6631	raw
6632	raw
6633	dummy
6634	raw
6635	raw
6636	raw
6637	raw
6638	raw
6639	raw
6640	raw
6641	raw
6642	raw
6643	raw
6644	raw
6645	raw
6646	raw
6647	raw
6648	raw
6649	raw
6650	raw
6651	raw
6652	raw
6653	raw
6654	raw
6655	raw
6656	raw
6657	raw
6658	raw
6659	raw
6660	raw
6661	raw
6662	raw
6663	raw
6664	raw
6665	raw
6666	raw
6667	raw
6668	raw
6669	raw
6670	raw
6671	raw
6672	raw
6673	raw
6674	raw
6675	raw
6676	raw
6677	raw
6678	raw
6679	raw
6680	raw
6681	raw
6682	raw
6683	raw
6684	raw
6685	raw
6686	raw
6687	raw
6688	raw
6689	raw
6690	raw
6691	raw
6692	raw
6693	raw
6694	raw
6695	raw
6696	raw
6697	raw
6698	raw
6699	raw
6700	raw
6701	raw
6702	raw
6703	raw
6704	raw
6705	raw
6706	raw
6707	raw
6708	raw
6709	raw
6710	raw
6711	raw
6712	raw
6713	raw
6714	raw
6715	raw
6716	raw
6717	raw
6718	raw
6719	raw
6720	raw
6721	raw
6722	raw
6723	raw
6724	raw
6725	raw
6726	raw
6727	raw
6728	raw
6729	raw
6730	raw
6731	raw
6732	raw
6733	raw
6734	raw
6735	raw
6736	raw
6737	raw
6738	raw
6739	raw
6740	raw
6741	raw
6742	raw
6743	raw
6744	raw
6745	raw
6746	raw
6747	raw
6748	raw
6749	raw
6750	raw
6751	raw
6752	raw
6753	raw
6754	raw
6755	raw
6756	raw
6757	raw
6758	raw
6759	raw
6760	raw
6761	raw
6762	raw
6763	raw
6764	raw
6765	raw
6766	raw
6767	raw
6768	raw
6769	raw
6770	raw
6771	raw
6772	raw
6773	raw
6774	raw
6775	raw
6776	raw
6777	raw
6778	raw
6779	raw
6780	raw
6781	raw
6782	raw
6783	raw
6784	raw
6785	raw
6786	raw
6787	raw
6788	raw
6789	raw
6790	raw
6791	raw
6792	raw
6793	raw
6794	raw
6795	raw
6796	raw
6797	dummy
6798	dummy
6799	dummy
6800	dummy
6801	dummy
6802	dummy
6803	raw
6804	raw
6805	raw
6806	raw
6807	raw
6808	raw
6809	raw
6810	raw
6811	raw
6812	raw
6813	raw
6814	raw
6815	raw
6816	raw
6817	raw
6818	raw
6819	raw
6820	raw
6821	raw
6822	raw
6823	raw
6824	dummy
6825	dummy
6826	raw
6827	raw
6828	raw
6829	raw
6830	raw
6831	raw
6832	raw
6833	raw
6834	raw
6835	raw
6836	dummy
6837	dummy
6838	dummy
6839	dummy
6840	dummy
6841	dummy
6842	dummy
6843	dummy
6844	dummy
6845	dummy
6846	raw
6847	raw
6848	raw
6849	raw
6850	raw
6851	raw
6852	raw
6853	raw
6854	raw
6855	raw
6856	raw
6857	raw
6858	raw
6859	raw
6860	raw
6861	raw
6862	raw
6863	raw
6864	raw
6865	raw
6866	raw
6867	raw
6868	raw
6869	raw
6870	dummy
6871	dummy
6872	dummy
6873	dummy
6874	dummy
6875	dummy
6876	raw
6877	raw
6878	raw
6879	raw
6880	dummy
6881	raw
6882	raw
6883	raw
6884	dummy
6885	dummy
6886	raw
6887	raw
6888	raw
6889	raw
6890	raw
6891	raw
6892	raw
6893	raw
6894	raw
6895	raw
6896	raw
6897	raw
6898	raw
6899	raw
6900	dummy
6901	raw
6902	raw
6903	raw
6904	raw
6905	dummy
6906	raw
6907	raw
6908	raw
6909	raw
6910	raw
6911	raw
6912	raw
6913	raw
6914	raw
6915	raw
6916	raw
6917	raw
6918	raw
6919	raw
6920	raw
6921	raw
6922	raw
6923	raw
6924	raw
6925	raw
6926	raw
6927	raw
6928	raw
6929	raw
6930	raw
6931	raw
6932	raw
6933	raw
6934	raw
6935	raw
6936	raw
6937	raw
6938	raw
6939	raw
6940	raw
6941	raw
6942	raw
6943	raw
6944	raw
6945	raw
6946	raw
6947	raw
6948	raw
6949	raw
6950	raw
6951	raw
6952	raw
6953	raw
6954	raw
6955	compressed
6956	compressed
6957	compressed
6958	compressed
6959	compressed
6960	compressed
6961	compressed
6962	compressed
6963	compressed
6964	compressed
6965	compressed
6966	compressed
6967	compressed
6968	compressed
6969	compressed
6970	compressed
6971	compressed
6972	compressed
6973	dummy
6974	dummy
6975	dummy
6976	dummy
6977	dummy
6978	dummy
6979	dummy
6980	dummy
6981	dummy
6982	dummy
6983	dummy
6984	dummy
6985	dummy
6986	dummy
6987	compressed
6988	compressed
6989	compressed
6990	compressed
6991	compressed
6992	compressed
6993	dummy
6994	dummy
6995	dummy
6996	dummy
6997	dummy
6998	compressed
6999	dummy
7000	compressed
7001	dummy
7002	dummy
7003	dummy
7004	dummy
7005	dummy
7006	dummy
7007	dummy
7008	compressed
7009	dummy
7010	compressed
7011	compressed
7012	compressed
7013	compressed
7014	compressed
7015	compressed
7016	compressed
7017	compressed
7018	compressed
7019	compressed
7020	compressed
7021	compressed
7022	compressed
7023	compressed
7024	compressed
7025	dummy
7026	dummy
7027	dummy
7028	dummy
7029	dummy
7030	compressed
7031	dummy
7032	dummy
7033	dummy
7034	dummy
7035	compressed
7036	compressed
7037	compressed
7038	compressed
7039	compressed
7040	compressed
7041	dummy
7042	dummy
7043	dummy
7044	dummy
7045	dummy
7046	compressed
7047	dummy
7048	dummy
7049	dummy
7050	dummy
7051	compressed
7052	compressed
7053	compressed
7054	compressed
7055	compressed
7056	compressed
7057	compressed
7058	compressed
7059	compressed
7060	compressed
7061	compressed
7062	compressed
7063	compressed
7064	compressed
7065	compressed
7066	compressed
7067	compressed
7068	compressed
7069	compressed
7070	compressed
7071	compressed
7072	compressed
7073	compressed
7074	compressed
7075	compressed
7076	compressed
7077	compressed
7078	compressed
7079	compressed
7080	compressed
7081	compressed
7082	compressed
7083	compressed
7084	compressed
7085	compressed
7086	compressed
7087	compressed
7088	compressed
7089	compressed
7090	compressed
7091	compressed
7092	compressed
7093	compressed
7094	compressed
7095	compressed
7096	compressed
7097	compressed
7098	compressed
7099	compressed
7100	compressed
7101	compressed
7102	compressed
7103	compressed
7104	compressed
7105	compressed
7106	compressed
7107	compressed
7108	compressed
7109	compressed
7110	compressed
7111	compressed
7112	compressed
7113	compressed
7114	compressed
7115	compressed
7116	compressed
7117	compressed
7118	compressed
7119	compressed
7120	compressed
7121	compressed
7122	compressed
7123	compressed
7124	compressed
7125	compressed
7126	compressed
7127	compressed
7128	compressed
7129	compressed
7130	compressed
7131	compressed
7132	compressed
7133	compressed
7134	compressed
7135	compressed
7136	compressed
7137	compressed
7138	compressed
7139	compressed
7140	compressed
7141	compressed
7142	compressed
7143	compressed
7144	compressed
7145	compressed
7146	compressed
7147	compressed
7148	compressed
7149	compressed
7150	compressed
7151	compressed
7152	compressed
7153	compressed
7154	compressed
7155	compressed
7156	compressed
7157	compressed
7158	compressed
7159	compressed
7160	compressed
7161	compressed
7162	compressed
7163	compressed
7164	compressed
7165	compressed
7166	compressed
7167	compressed
7168	compressed
7169	compressed
7170	compressed
7171	compressed
7172	compressed
7173	compressed
7174	compressed
7175	compressed
7176	compressed
7177	compressed
7178	compressed
7179	compressed
7180	compressed
7181	compressed
7182	compressed
7183	compressed
7184	compressed
7185	compressed
7186	compressed
7187	compressed
7188	compressed
7189	compressed
7190	compressed
7191	compressed
7192	compressed
7193	compressed
7194	compressed
7195	compressed
7196	compressed
7197	compressed
7198	compressed
7199	compressed
7200	compressed
7201	compressed
7202	compressed
7203	compressed
7204	compressed
7205	compressed
7206	compressed
7207	compressed
7208	compressed
7209	compressed
7210	compressed
7211	compressed
7212	compressed
7213	compressed
7214	compressed
7215	compressed
7216	compressed
7217	compressed
7218	compressed
7219	compressed
7220	compressed
7221	compressed
7222	compressed
7223	compressed
7224	compressed
7225	compressed
7226	compressed
7227	compressed
7228	compressed
7229	compressed
7230	compressed
7231	compressed
7232	compressed
7233	compressed
7234	compressed
7235	compressed
7236	compressed
7237	compressed
7238	compressed
7239	compressed
7240	compressed
7241	compressed
7242	compressed
7243	compressed
7244	compressed
7245	compressed
7246	compressed
7247	compressed
7248	compressed
7249	compressed
7250	compressed
7251	compressed
7252	compressed
7253	compressed
7254	compressed
7255	compressed
7256	compressed
7257	compressed
7258	compressed
7259	compressed
7260	compressed
7261	compressed
7262	compressed
7263	compressed
7264	compressed
7265	compressed
7266	compressed
7267	compressed
7268	compressed
7269	compressed
7270	compressed
7271	compressed
7272	compressed
7273	compressed
7274	compressed
7275	compressed
7276	compressed
7277	compressed
7278	compressed
7279	compressed
7280	compressed
7281	compressed
7282	compressed
7283	compressed
7284	compressed
7285	compressed
7286	compressed
7287	compressed
7288	compressed
7289	compressed
7290	compressed
7291	compressed
7292	compressed
7293	compressed
7294	compressed
7295	compressed
7296	compressed
7297	compressed
7298	compressed
7299	compressed
7300	compressed
7301	compressed
7302	compressed
7303	compressed
7304	compressed
7305	compressed
7306	compressed
7307	compressed
7308	compressed
7309	compressed
7310	raw
7311	raw
7312	raw
7313	raw
7314	raw
7315	raw
7316	raw
7317	raw
7318	raw
7319	raw
7320	raw
7321	raw
7322	raw
7323	raw
7324	raw
7325	raw
7326	raw
7327	raw
7328	raw
7329	raw
7330	raw
7331	raw
7332	raw
7333	raw
7334	raw
7335	raw
7336	raw
7337	raw
7338	raw
7339	raw
7340	raw
7341	raw
7342	raw
7343	raw
7344	raw
7345	raw
7346	raw
7347	raw
7348	raw
7349	raw
7350	raw
7351	raw
7352	raw
7353	raw
7354	raw
7355	raw
7356	raw
7357	raw
7358	raw
7359	raw
7360	raw
7361	raw
7362	raw
7363	raw
7364	raw
7365	raw
7366	raw
7367	raw
7368	raw
7369	raw
7370	raw
7371	raw
7372	raw
7373	raw
7374	raw
7375	raw
7376	raw
7377	raw
7378	raw
7379	raw
7380	raw
7381	raw
7382	raw
7383	raw
7384	raw
7385	raw
7386	raw
7387	raw
7388	raw
7389	raw
7390	raw
7391	raw
7392	raw
7393	raw
7394	raw
7395	raw
7396	raw
7397	raw
7398	raw
7399	raw
7400	raw
7401	raw
7402	raw
7403	raw
7404	raw
7405	raw
7406	raw
7407	raw
7408	raw
7409	raw
7410	raw
7411	raw
7412	raw
7413	raw
7414	raw
7415	raw
7416	raw
7417	raw
7418	raw
7419	raw
7420	raw
7421	raw
7422	raw
7423	raw
7424	raw
7425	raw
7426	raw
7427	raw
7428	raw
7429	raw
7430	raw
7431	raw
7432	raw
7433	raw
7434	raw
7435	raw
7436	raw
7437	raw
7438	raw
7439	raw
7440	raw
7441	raw
7442	raw
7443	raw
7444	raw
7445	raw
7446	raw
7447	raw
7448	raw
7449	raw
7450	raw
7451	raw
7452	raw
7453	raw
7454	raw
7455	raw
7456	raw
7457	raw
7458	raw
7459	raw
7460	raw
7461	raw
7462	raw
7463	raw
7464	raw
7465	raw
7466	raw
7467	raw
7468	raw
7469	raw
7470	raw
7471	raw
7472	raw
7473	raw
7474	raw
7475	raw
7476	raw
7477	raw
7478	raw
7479	raw
7480	raw
7481	raw
7482	raw
7483	raw
7484	raw
7485	raw
7486	raw
7487	raw
7488	raw
7489	raw
7490	raw
7491	raw
7492	raw
7493	raw
7494	raw
7495	raw
7496	raw
7497	raw
7498	raw
7499	raw
7500	raw
7501	raw
7502	raw
7503	raw
7504	raw
7505	raw
7506	raw
7507	raw
7508	raw
7509	raw
7510	raw
7511	raw
7512	raw
7513	raw
7514	raw
7515	raw
7516	raw
7517	raw
7518	raw
7519	raw
7520	raw
7521	raw
7522	raw
7523	raw
7524	raw
7525	raw
7526	raw
7527	raw
7528	raw
7529	raw
7530	raw
7531	raw
7532	raw
7533	raw
7534	raw
7535	raw
7536	raw
7537	raw
7538	raw
7539	raw
7540	raw
7541	raw
7542	raw
7543	raw
7544	raw
7545	raw
7546	raw
7547	raw
7548	raw
7549	raw
7550	raw
7551	raw
7552	raw
7553	raw
7554	raw
7555	raw
7556	raw
7557	raw
7558	raw
7559	raw
7560	raw
7561	raw
7562	raw
7563	raw
7564	raw
7565	raw
7566	raw
7567	raw
7568	raw
7569	raw
7570	raw
7571	raw
7572	raw
7573	raw
7574	raw
7575	raw
7576	raw
7577	raw
7578	raw
7579	raw
7580	raw
7581	raw
7582	raw
7583	raw
7584	raw
7585	raw
7586	raw
7587	raw
7588	raw
7589	raw
7590	raw
7591	raw
7592	raw
7593	raw
7594	raw
7595	raw
7596	raw
7597	raw
7598	raw
7599	raw
7600	raw
7601	raw
7602	raw
7603	raw
7604	raw
7605	raw
7606	raw
7607	raw
7608	raw
7609	raw
7610	raw
7611	raw
7612	raw
7613	raw
7614	raw
7615	raw
7616	raw
7617	raw
7618	raw
7619	raw
7620	raw
7621	raw
7622	raw
7623	raw
7624	raw
7625	raw
7626	raw
7627	raw
7628	raw
7629	raw
7630	raw
7631	raw
7632	raw
7633	raw
7634	raw
7635	raw
7636	raw
7637	raw
7638	raw
7639	raw
7640	raw
7641	raw
7642	raw
7643	raw
7644	raw
7645	raw
7646	raw
7647	raw
7648	raw
7649	raw
7650	raw
7651	raw
7652	raw
7653	raw
7654	raw
7655	raw
7656	raw
7657	raw
7658	raw
7659	raw
7660	raw
7661	raw
7662	raw
7663	raw
7664	raw
7665	raw
7666	raw
7667	raw
7668	raw
7669	raw
7670	raw
7671	raw
7672	raw
7673	raw
7674	raw
7675	raw
7676	raw
7677	raw
7678	raw
7679	raw
7680	raw
7681	raw
7682	raw
7683	raw
7684	raw
7685	raw
7686	raw
7687	raw
7688	raw
7689	raw
7690	raw
7691	raw
7692	raw
7693	raw
7694	raw
7695	raw
7696	raw
7697	raw
7698	raw
7699	raw
7700	raw
7701	raw
7702	raw
7703	raw
7704	raw
7705	raw
7706	raw
7707	raw
7708	raw
7709	raw
7710	raw
7711	raw
7712	raw
7713	raw
7714	raw
7715	raw
7716	raw
7717	raw
7718	raw
7719	raw
7720	raw
7721	raw
7722	raw
7723	raw
7724	raw
7725	raw
7726	raw
7727	raw
7728	raw
7729	raw
7730	raw
7731	raw
7732	raw
7733	raw
7734	raw
7735	raw
7736	raw
7737	raw
7738	raw
7739	raw
7740	raw
7741	raw
7742	raw
7743	raw
7744	raw
7745	raw
7746	raw
7747	raw
7748	raw
7749	raw
7750	raw
7751	raw
7752	raw
7753	raw
7754	raw
7755	raw
7756	raw
7757	raw
7758	raw
7759	raw
7760	raw
7761	raw
7762	raw
7763	raw
7764	raw
7765	raw
7766	raw
7767	raw
7768	raw
7769	raw
7770	raw
7771	raw
7772	raw
7773	raw
7774	raw
7775	raw
7776	raw
7777	raw
7778	raw
7779	raw
7780	raw
7781	raw
7782	raw
7783	raw
7784	raw
7785	raw
7786	raw
7787	raw
7788	raw
7789	raw
7790	raw
7791	raw
7792	raw
7793	raw
7794	raw
7795	raw
7796	raw
7797	raw
7798	raw
7799	raw
7800	raw
7801	raw
7802	raw
7803	raw
7804	raw
7805	raw
7806	raw
7807	raw
7808	raw
7809	raw
7810	raw
7811	raw
7812	raw
7813	raw
7814	raw
7815	raw
7816	raw
7817	raw
7818	raw
7819	raw
7820	raw
7821	raw
7822	raw
7823	raw
7824	raw
7825	raw
7826	raw
7827	raw
7828	raw
7829	raw
7830	raw
7831	raw
7832	raw
7833	raw
7834	raw
7835	raw
7836	raw
7837	raw
7838	raw
7839	raw
7840	raw
7841	raw
7842	raw
7843	raw
7844	raw
7845	raw
7846	raw
7847	raw
7848	raw
7849	raw
7850	raw
7851	raw
7852	raw
7853	raw
7854	raw
7855	raw
7856	raw
7857	raw
7858	raw
7859	raw
7860	raw
7861	raw
7862	raw
7863	raw
7864	raw
7865	raw
7866	raw
7867	raw
7868	raw
7869	raw
7870	raw
7871	raw
7872	raw
7873	raw
7874	raw
7875	raw
7876	raw
7877	raw
7878	raw
7879	raw
7880	raw
7881	raw
7882	raw
7883	raw
7884	raw
7885	raw
7886	raw
7887	raw
7888	raw
7889	raw
7890	raw
7891	raw
7892	raw
7893	raw
7894	raw
7895	raw
7896	raw
7897	raw
7898	raw
7899	raw
7900	raw
7901	raw
7902	raw
7903	raw
7904	raw
7905	raw
7906	raw
7907	raw
7908	raw
7909	raw
7910	raw
7911	raw
7912	raw
7913	raw
7914	raw
7915	raw
7916	raw
7917	raw
7918	raw
7919	raw
7920	raw
7921	raw
7922	raw
7923	raw
7924	raw
7925	raw
7926	raw
7927	raw
7928	raw
7929	raw
7930	raw
7931	raw
7932	raw
7933	raw
7934	raw
7935	raw
7936	raw
7937	raw
7938	raw
7939	raw
7940	raw
7941	raw
7942	raw
7943	raw
7944	raw
7945	raw
7946	raw
7947	raw
7948	raw
7949	raw
7950	raw
7951	raw
7952	raw
7953	raw
7954	raw
7955	raw
7956	raw
7957	raw
7958	raw
7959	raw
7960	raw
7961	raw
7962	raw
7963	raw
7964	raw
7965	raw
7966	raw
7967	raw
7968	raw
7969	raw
7970	raw
7971	raw
7972	raw
7973	raw
7974	raw
7975	raw
7976	raw
7977	raw
7978	raw
7979	raw
7980	raw
7981	raw
7982	raw
7983	raw
7984	raw
7985	raw
7986	raw
7987	raw
7988	raw
7989	raw
7990	raw
7991	raw
7992	raw
7993	raw
7994	raw
7995	raw
7996	raw
7997	raw
7998	raw
7999	raw
8000	raw
8001	raw
8002	raw
8003	raw
8004	raw
8005	raw
8006	raw
8007	raw
8008	raw
8009	raw
8010	raw
8011	raw
8012	raw
8013	raw
8014	raw
8015	raw
8016	raw
8017	raw
8018	raw
8019	raw
8020	raw
8021	raw
8022	raw
8023	raw
8024	raw
8025	raw
8026	raw
8027	raw
8028	raw
8029	raw
8030	raw
8031	raw
8032	raw
8033	raw
8034	raw
8035	raw
8036	raw
8037	raw
8038	raw
8039	raw
8040	raw
8041	raw
8042	raw
8043	raw
8044	raw
8045	raw
8046	raw
8047	raw
8048	raw
8049	raw
8050	raw
8051	raw
8052	raw
8053	raw
8054	raw
8055	raw
8056	raw
8057	raw
8058	raw
8059	raw
8060	raw
8061	raw
8062	raw
8063	raw
8064	raw
8065	raw
8066	raw
8067	raw
8068	raw
8069	raw
8070	raw
8071	raw
8072	raw
8073	raw
8074	raw
8075	raw
8076	raw
8077	raw
8078	raw
8079	raw
8080	raw
8081	raw
8082	raw
8083	raw
8084	raw
8085	raw
8086	raw
8087	raw
8088	raw
8089	raw
8090	raw
8091	raw
8092	raw
8093	raw
8094	raw
8095	raw
8096	raw
8097	raw
8098	raw
8099	raw
8100	raw
8101	raw
8102	raw
8103	raw
8104	raw
8105	raw
8106	raw
8107	raw
8108	raw
8109	raw
8110	raw
8111	raw
8112	raw
8113	raw
8114	raw
8115	raw
8116	raw
8117	raw
8118	raw
8119	raw
8120	raw
8121	raw
8122	raw
8123	raw
8124	raw
8125	raw
8126	raw
8127	raw
8128	raw
8129	raw
8130	raw
8131	raw
8132	raw
8133	raw
8134	raw
8135	raw
8136	raw
8137	raw
8138	raw
8139	raw
8140	raw
8141	raw
8142	raw
8143	raw
8144	raw
8145	raw
8146	raw
8147	raw
8148	raw
8149	raw
8150	raw
8151	raw
8152	raw
8153	raw
8154	raw
8155	raw
8156	raw
8157	raw
8158	raw
8159	raw
8160	raw
8161	raw
8162	raw
8163	raw
8164	raw
8165	raw
8166	raw
8167	raw
8168	raw
8169	raw
8170	raw
8171	raw
8172	raw
8173	raw
8174	raw
8175	raw
8176	raw
8177	raw
8178	raw
8179	raw
8180	raw
8181	raw
8182	raw
8183	raw
8184	raw
8185	raw
8186	raw
8187	raw
8188	raw
8189	raw
8190	raw
8191	raw
8192	raw
8193	raw
8194	raw
8195	raw
8196	raw
8197	raw
8198	raw
8199	raw
8200	raw
8201	raw
8202	raw
8203	raw
8204	raw
8205	raw
8206	raw
8207	raw
8208	raw
8209	raw
8210	raw
8211	raw
8212	raw
8213	raw
8214	raw
8215	raw
8216	raw
8217	raw
8218	raw
8219	raw
8220	raw
8221	raw
8222	raw
8223	raw
8224	raw
8225	raw
8226	raw
8227	raw
8228	raw
8229	raw
8230	raw
8231	raw
8232	raw
8233	raw
8234	raw
8235	raw
8236	raw
8237	raw
8238	raw
8239	raw
8240	raw
8241	raw
8242	raw
8243	raw
8244	raw
8245	raw
8246	raw
8247	raw
8248	raw
8249	raw
8250	raw
8251	raw
8252	raw
8253	raw
8254	raw
8255	raw
8256	raw
8257	raw
8258	raw
8259	raw
8260	raw
8261	raw
8262	raw
8263	raw
8264	raw
8265	raw
8266	raw
8267	raw
8268	raw
8269	raw
8270	raw
8271	raw
8272	raw
8273	raw
8274	raw
8275	raw
8276	raw
8277	raw
8278	raw
8279	raw
8280	raw
8281	raw
8282	raw
8283	raw
8284	raw
8285	raw
8286	raw
8287	raw
8288	raw
8289	raw
8290	raw
8291	raw
8292	raw
8293	raw
8294	raw
8295	raw
8296	raw
8297	raw
8298	raw
8299	raw
8300	raw
8301	raw
8302	raw
8303	raw
8304	raw
8305	raw
8306	raw
8307	raw
8308	raw
8309	raw
8310	raw
8311	raw
8312	raw
8313	raw
8314	raw
8315	raw
8316	raw
8317	raw
8318	raw
8319	raw
8320	raw
8321	raw
8322	raw
8323	raw
8324	raw
8325	raw
8326	raw
8327	raw
8328	raw
8329	raw
8330	raw
8331	raw
8332	raw
8333	raw
8334	raw
8335	raw
8336	raw
8337	raw
8338	raw
8339	raw
8340	raw
8341	raw
8342	raw
8343	raw
8344	raw
8345	raw
8346	raw
8347	raw
8348	raw
8349	raw
8350	raw
8351	raw
8352	raw
8353	raw
8354	raw
8355	raw
8356	raw
8357	raw
8358	raw
8359	raw
8360	raw
8361	raw
8362	raw
8363	raw
8364	raw
8365	raw
8366	raw
8367	raw
8368	raw
8369	raw
8370	raw
8371	raw
8372	raw
8373	raw
8374	raw
8375	raw
8376	raw
8377	raw
8378	raw
8379	raw
8380	raw
8381	raw
8382	raw
8383	raw
8384	raw
8385	raw
8386	raw
8387	raw
8388	raw
8389	raw
8390	raw
8391	raw
8392	raw
8393	raw
8394	raw
8395	raw
8396	raw
8397	raw
8398	raw
8399	raw
8400	raw
8401	raw
8402	raw
8403	raw
8404	raw
8405	raw
8406	raw
8407	raw
8408	raw
8409	raw
8410	raw
8411	raw
8412	raw
8413	raw
8414	raw
8415	raw
8416	raw
8417	raw
8418	raw
8419	raw
8420	raw
8421	raw
8422	raw
8423	raw
8424	raw
8425	raw
8426	raw
8427	raw
8428	raw
8429	raw
8430	raw
8431	raw
8432	raw
8433	raw
8434	raw
8435	raw
8436	raw
8437	dummy
8438	raw
8439	raw
8440	raw
8441	raw
8442	raw
8443	raw
8444	raw
8445	raw
8446	raw
8447	raw
8448	raw
8449	raw
8450	raw
8451	raw
8452	raw
8453	raw
8454	raw
8455	raw
8456	raw
8457	raw
8458	raw
8459	raw
8460	raw
8461	raw
8462	raw
8463	raw
8464	raw
8465	raw
8466	raw
8467	raw
8468	raw
8469	raw
8470	raw
8471	raw
8472	raw
8473	raw
8474	raw
8475	raw
8476	raw
8477	raw
8478	raw
8479	raw
8480	raw
8481	raw
8482	raw
8483	raw
8484	raw
8485	raw
8486	raw
8487	raw
8488	raw
8489	raw
8490	raw
8491	raw
8492	raw
8493	raw
8494	raw
8495	raw
8496	raw
8497	raw
8498	raw
8499	raw
8500	raw
8501	raw
8502	raw
8503	raw
8504	raw
8505	raw
8506	raw
8507	raw
8508	raw
8509	raw
8510	raw
8511	raw
8512	raw
8513	raw
8514	raw
8515	raw
8516	raw
8517	raw
8518	raw
8519	raw
8520	raw
8521	raw
8522	raw
8523	raw
8524	raw
8525	raw
8526	raw
8527	raw
8528	raw
8529	raw
8530	raw
8531	raw
8532	raw
8533	raw
8534	raw
8535	raw
8536	raw
8537	raw
8538	raw
8539	raw
8540	raw
8541	raw
8542	raw
8543	raw
8544	raw
8545	raw
8546	raw
8547	raw
8548	raw
8549	raw
8550	raw
8551	raw
8552	raw
8553	raw
8554	raw
8555	raw
8556	raw
8557	raw
8558	raw
8559	raw
8560	raw
8561	raw
8562	raw
8563	raw
8564	raw
8565	raw
8566	raw
8567	raw
8568	raw
8569	raw
8570	raw
8571	raw
8572	raw
8573	raw
8574	raw
8575	raw
8576	raw
8577	raw
8578	raw
8579	raw
8580	raw
8581	raw
8582	raw
8583	raw
8584	raw
8585	raw
8586	raw
8587	raw
8588	raw
8589	raw
8590	raw
8591	raw
8592	raw
8593	raw
8594	raw
8595	raw
8596	raw
8597	raw
8598	raw
8599	raw
8600	raw
8601	raw
8602	raw
8603	raw
8604	raw
8605	raw
8606	raw
8607	raw
8608	raw
8609	raw
8610	raw
8611	raw
8612	raw
8613	raw
8614	raw
8615	raw
8616	raw
8617	raw
8618	raw
8619	raw
8620	raw
8621	raw
8622	raw
8623	raw
8624	raw
8625	raw
8626	raw
8627	raw
8628	raw
8629	raw
8630	raw
8631	raw
8632	raw
8633	raw
8634	raw
8635	raw
8636	raw
8637	raw
8638	raw
8639	raw
8640	raw
8641	raw
8642	raw
8643	raw
8644	raw
8645	raw
8646	raw
8647	raw
8648	raw
8649	raw
8650	raw
8651	raw
8652	raw
8653	raw
8654	raw
8655	raw
8656	raw
8657	raw
8658	raw
8659	raw
8660	raw
8661	raw
8662	raw
8663	raw
8664	raw
8665	raw
8666	raw
8667	raw
8668	raw
8669	raw
8670	raw
8671	raw
8672	raw
8673	raw
8674	raw
8675	raw
8676	raw
8677	raw
8678	raw
8679	raw
8680	raw
8681	raw
8682	raw
8683	raw
8684	raw
8685	raw
8686	raw
8687	raw
8688	raw
8689	raw
8690	raw
8691	raw
8692	raw
8693	raw
8694	raw
8695	raw
8696	raw
8697	raw
8698	raw
8699	raw
8700	raw
8701	raw
8702	raw
8703	raw
8704	raw
8705	raw
8706	raw
8707	raw
8708	raw
8709	raw
8710	raw
8711	raw
8712	raw
8713	raw
8714	raw
8715	raw
8716	raw
8717	raw
8718	raw
8719	raw
8720	raw
8721	raw
8722	raw
8723	raw
8724	raw
8725	raw
8726	raw
8727	raw
8728	raw
8729	raw
8730	raw
8731	raw
8732	raw
8733	raw
8734	raw
8735	raw
8736	raw
8737	raw
8738	raw
8739	raw
8740	raw
8741	raw
8742	raw
8743	raw
8744	raw
8745	raw
8746	raw
8747	raw
8748	raw
8749	raw
8750	raw
8751	raw
8752	raw
8753	raw
8754	raw
8755	raw
8756	raw
8757	raw
8758	raw
8759	raw
8760	raw
8761	raw
8762	raw
8763	raw
8764	raw
8765	raw
8766	raw
8767	raw
8768	raw
8769	raw
8770	raw
8771	raw
8772	raw
8773	raw
8774	raw
8775	raw
8776	raw
8777	raw
8778	raw
8779	raw
8780	raw
8781	raw
8782	raw
8783	raw
8784	raw
8785	raw
8786	raw
8787	raw
8788	raw
8789	raw
8790	raw
8791	raw
8792	raw
8793	raw
8794	raw
8795	raw
8796	raw
8797	raw
8798	raw
8799	raw
8800	raw
8801	raw
8802	raw
8803	raw
8804	raw
8805	raw
8806	raw
8807	raw
8808	raw
8809	raw
8810	raw
8811	raw
8812	raw
8813	raw
8814	raw
8815	raw
8816	raw
8817	raw
8818	raw
8819	raw
8820	raw
8821	raw
8822	raw
8823	raw
8824	raw
8825	raw
8826	raw
8827	raw
8828	raw
8829	raw
8830	raw
8831	raw
8832	raw
8833	raw
8834	raw
8835	raw
8836	raw
8837	raw
8838	raw
8839	raw
8840	raw
8841	raw
8842	raw
8843	raw
8844	raw
8845	raw
8846	raw
8847	raw
8848	raw
8849	raw
8850	raw
8851	raw
8852	raw
8853	raw
8854	raw
8855	raw
8856	raw
8857	raw
8858	raw
8859	raw
8860	raw
8861	raw
8862	raw
8863	raw
8864	raw
8865	raw
8866	raw
8867	raw
8868	raw
8869	raw
8870	raw
8871	raw
8872	raw
8873	raw
8874	raw
8875	raw
8876	raw
8877	raw
8878	raw
8879	raw
8880	raw
8881	raw
8882	raw
8883	raw
8884	raw
8885	raw
8886	raw
8887	raw
8888	raw
8889	raw
8890	raw
8891	raw
8892	raw
8893	raw
8894	raw
8895	raw
8896	raw
8897	raw
8898	raw
8899	raw
8900	raw
8901	raw
8902	raw
8903	raw
8904	raw
8905	raw
8906	raw
8907	raw
8908	raw
8909	raw
8910	raw
8911	raw
8912	raw
8913	raw
8914	raw
8915	raw
8916	raw
8917	raw
8918	raw
8919	raw
8920	raw
8921	raw
8922	raw
8923	raw
8924	raw
8925	raw
8926	raw
8927	raw
8928	raw
8929	raw
8930	raw
8931	raw
8932	raw
8933	raw
8934	raw
8935	raw
8936	raw
8937	raw
8938	raw
8939	raw
8940	raw
8941	raw
8942	raw
8943	raw
8944	raw
8945	raw
8946	raw
8947	raw
8948	raw
8949	raw
8950	raw
8951	raw
8952	raw
8953	raw
8954	raw
8955	raw
8956	raw
8957	raw
8958	raw
8959	raw
8960	raw
8961	raw
8962	raw
8963	raw
8964	raw
8965	raw
8966	raw
8967	raw
8968	raw
8969	raw
8970	raw
8971	raw
8972	raw
8973	raw
8974	raw
8975	raw
8976	raw
8977	raw
8978	raw
8979	raw
8980	raw
8981	raw
8982	raw
8983	raw
8984	raw
8985	raw
8986	raw
8987	raw
8988	raw
8989	raw
8990	raw
8991	raw
8992	raw
8993	raw
8994	raw
8995	raw
8996	raw
8997	raw
8998	raw
8999	raw
9000	raw
9001	raw
9002	raw
9003	raw
9004	raw
9005	raw
9006	dummy
9007	raw
9008	raw
9009	raw
9010	raw
9011	raw
9012	raw
9013	raw
9014	raw
9015	raw
9016	raw
9017	raw
9018	raw
9019	raw
9020	raw
9021	raw
9022	raw
9023	raw
9024	raw
9025	raw
9026	raw
9027	raw
9028	raw
9029	raw
9030	raw
9031	raw
9032	raw
9033	raw
9034	raw
9035	raw
9036	raw
9037	raw
9038	raw
9039	raw
9040	raw
9041	raw
9042	dummy
9043	dummy
9044	dummy
9045	dummy
9046	raw
9047	raw
9048	raw
9049	raw
9050	raw
9051	raw
9052	raw
9053	raw
9054	raw
9055	raw
9056	raw
9057	raw
9058	raw
9059	raw
9060	raw
9061	raw
9062	raw
9063	raw
9064	raw
9065	raw
9066	raw
9067	raw
9068	raw
9069	raw
9070	raw
9071	raw
9072	raw
9073	raw
9074	raw
9075	raw
9076	raw
9077	dummy
9078	raw
9079	raw
9080	raw
9081	raw
9082	raw
9083	raw
9084	raw
9085	raw
9086	raw
9087	raw
9088	raw
9089	raw
9090	raw
9091	raw
9092	raw
9093	raw
9094	raw
9095	raw
9096	raw
9097	raw
9098	raw
9099	raw
9100	raw
9101	raw
9102	raw
9103	raw
9104	raw
9105	raw
9106	raw
9107	raw
9108	raw
9109	raw
9110	raw
9111	raw
9112	raw
9113	raw
9114	raw
9115	raw
9116	raw
9117	raw
9118	raw
9119	raw
9120	raw
9121	raw
9122	raw
9123	raw
9124	raw
9125	raw
9126	raw
9127	raw
9128	raw
9129	raw
9130	raw
9131	raw
9132	raw
9133	raw
9134	raw
9135	raw
9136	raw
9137	raw
9138	raw
9139	raw
9140	raw
9141	raw
9142	raw
9143	raw
9144	raw
9145	raw
9146	raw
9147	raw
9148	raw
9149	raw
9150	raw
9151	raw
9152	raw
9153	raw
9154	raw
9155	raw
9156	raw
9157	raw
9158	raw
9159	raw
9160	raw
9161	raw
9162	raw
9163	raw
9164	raw
9165	raw
9166	raw
9167	raw
9168	raw
9169	raw
9170	raw
9171	raw
9172	raw
9173	raw
9174	raw
9175	raw
9176	raw
9177	raw
9178	raw
9179	raw
9180	raw
9181	raw
9182	raw
9183	raw
9184	raw
9185	raw
9186	raw
9187	raw
9188	raw
9189	raw
9190	raw
9191	raw
9192	raw
9193	raw
9194	raw
9195	raw
9196	raw
9197	raw
9198	raw
9199	raw
9200	raw
9201	raw
9202	raw
9203	raw
9204	raw
9205	raw
9206	raw
9207	raw
9208	raw
9209	raw
9210	raw
9211	raw
9212	raw
9213	raw
9214	raw
9215	raw
9216	raw
9217	raw
9218	raw
9219	raw
9220	raw
9221	raw
9222	raw
9223	raw
9224	raw
9225	raw
9226	raw
9227	raw
9228	raw
9229	raw
9230	raw
9231	raw
9232	raw
9233	raw
9234	raw
9235	raw
9236	raw
9237	raw
9238	raw
9239	raw
9240	raw
9241	raw
9242	raw
9243	raw
9244	raw
9245	raw
9246	raw
9247	raw
9248	raw
9249	raw
9250	raw
9251	raw
9252	raw
9253	raw
9254	raw
9255	raw
9256	raw
9257	raw
9258	raw
9259	raw
9260	raw
9261	raw
9262	raw
9263	raw
9264	raw
9265	raw
9266	raw
9267	raw
9268	raw
9269	raw
9270	raw
9271	raw
9272	raw
9273	raw
9274	raw
9275	raw
9276	raw
9277	compressed
9278	compressed
9279	compressed
9280	compressed
9281	compressed
9282	compressed
9283	compressed
9284	compressed
9285	compressed
9286	compressed
9287	compressed
9288	compressed
9289	compressed
9290	compressed
9291	compressed
9292	compressed
9293	compressed
9294	compressed
9295	compressed
9296	compressed
9297	compressed
9298	compressed
9299	compressed
9300	compressed
9301	compressed
9302	compressed
9303	compressed
9304	compressed
9305	compressed
9306	compressed
9307	compressed
9308	compressed
9309	compressed
9310	compressed
9311	compressed
9312	compressed
9313	compressed
9314	compressed
9315	compressed
9316	compressed
9317	compressed
9318	compressed
9319	compressed
9320	compressed
9321	compressed
9322	compressed
9323	compressed
9324	compressed
9325	compressed
9326	compressed
9327	compressed
9328	compressed
9329	compressed
9330	compressed
9331	compressed
9332	compressed
9333	compressed
9334	compressed
9335	compressed
9336	compressed
9337	compressed
9338	compressed
9339	compressed
9340	compressed
9341	compressed
9342	compressed
9343	compressed
9344	compressed
9345	compressed
9346	compressed
9347	raw
9348	raw
9349	raw
9350	raw
9351	raw
9352	raw
9353	raw
9354	raw
9355	raw
9356	raw
9357	raw
9358	raw
9359	raw
9360	raw
9361	raw
9362	raw
9363	raw
9364	raw
9365	raw
9366	raw
9367	raw
9368	raw
9369	raw
9370	raw
9371	raw
9372	raw
9373	raw
9374	raw
9375	raw
9376	raw
9377	raw
9378	raw
9379	raw
9380	raw
9381	raw
9382	raw
9383	raw
9384	raw
9385	raw
9386	raw
9387	raw
9388	raw
9389	raw
9390	raw
9391	raw
9392	raw
9393	raw
9394	raw
9395	raw
9396	raw
9397	raw
9398	raw
9399	raw
9400	raw
9401	raw
9402	raw
9403	raw
9404	raw
9405	raw
9406	raw
9407	raw
9408	raw
9409	raw
9410	raw
9411	raw
9412	raw
9413	raw
9414	raw
9415	raw
9416	raw
9417	raw
9418	raw
9419	raw
9420	raw
9421	raw
9422	raw
9423	raw
9424	raw
9425	raw
9426	raw
9427	raw
9428	raw
9429	raw
9430	raw
9431	raw
9432	raw
9433	raw
9434	raw
9435	raw
9436	raw
9437	raw
9438	raw
9439	raw
9440	raw
9441	raw
9442	raw
9443	raw
9444	raw
9445	raw
9446	raw
9447	raw
9448	raw
9449	raw
9450	raw
9451	raw
9452	raw
9453	raw
9454	raw
9455	raw
9456	raw
9457	raw
9458	raw
9459	raw
9460	raw
9461	raw
9462	raw
9463	raw
9464	raw
9465	raw
9466	raw
9467	raw
9468	raw
9469	raw
9470	raw
9471	raw
9472	raw
9473	raw
9474	raw
9475	raw
9476	raw
9477	raw
9478	raw
9479	raw
9480	raw
9481	raw
9482	raw
9483	raw
9484	raw
9485	raw
9486	raw
9487	raw
9488	raw
9489	raw
9490	raw
9491	raw
9492	raw
9493	raw
9494	raw
9495	raw
9496	raw
9497	raw
9498	compressed
9499	raw
9500	raw
9501	raw
9502	raw
9503	raw
9504	raw
9505	raw
9506	raw
9507	raw
9508	raw
9509	raw
9510	raw
9511	raw
9512	raw
9513	raw
9514	raw
9515	raw
9516	raw
9517	raw
9518	raw
9519	raw
9520	raw
9521	raw
9522	raw
9523	raw
9524	raw
9525	raw
9526	raw
9527	raw
9528	raw
9529	compressed
9530	compressed
9531	compressed
9532	compressed
9533	compressed
9534	compressed
9535	compressed
9536	compressed
9537	compressed
9538	compressed
9539	compressed
9540	compressed
9541	compressed
9542	raw
9543	compressed
9544	compressed
9545	compressed
9546	compressed
9547	raw
9548	compressed
9549	raw
9550	compressed
9551	compressed
9552	raw
9553	compressed
9554	raw
9555	compressed
9556	raw
9557	compressed
9558	raw
9559	compressed
9560	compressed
9561	raw
9562	compressed
9563	compressed
9564	raw
9565	raw
9566	raw
9567	raw
9568	raw
9569	raw
9570	raw
9571	raw
9572	raw
9573	raw
9574	raw
9575	raw
9576	raw
9577	raw
9578	raw
9579	raw
9580	raw
9581	raw
9582	raw
9583	raw
9584	raw
9585	raw
9586	raw
9587	raw
9588	raw
9589	raw
9590	raw
9591	raw
9592	raw
9593	raw
9594	raw
9595	raw
9596	raw
9597	raw
9598	raw
9599	raw
9600	raw
9601	raw
9602	raw
9603	raw
9604	raw
9605	raw
9606	raw
9607	raw
9608	raw
9609	raw
9610	raw
9611	raw
9612	raw
9613	raw
9614	raw
9615	raw
9616	raw
9617	raw
9618	raw
9619	raw
9620	raw
9621	raw
9622	raw
9623	raw
9624	raw
9625	raw
9626	raw
9627	raw
9628	raw
9629	raw
9630	raw
9631	raw
9632	raw
9633	raw
9634	dummy